{"bulbasaur": "LC", "ivysaur": "NFE", "venusaur": "NU", "charmander": "LC", "charmeleon": "NFE", "charizard": "NU", "squirtle": "LC", "wartortle": "NFE", "blastoise": "NU", "caterpie": "LC", "metapod": "NFE", "butterfree": "ZU", "weedle": "LC", "kakuna": "NFE", "beedrill": "ZU", "pidgey": "LC", "pidgeotto": "NFE", "pidgeot": "ZU", "rattata": "LC", "raticate": "NU", "spearow": "LC", "fearow": "PU", "ekans": "LC", "arbok": "ZU", "pikachu": "LC", "raichu": "UU", "sandshrew": "LC", "sandslash": "ZU", "nidoranf": "LC", "nidorina": "NFE", "nidoqueen": "PU", "nidoranm": "LC", "nidorino": "NFE", "nidoking": "NU", "clefairy": "LC", "clefable": "UU", "vulpix": "LC", "ninetales": "UU", "jigglypuff": "LC", "wigglytuff": "NU", "zubat": "LC", "golbat": "ZU", "oddish": "LC", "gloom": "NFE", "vileplume": "PU", "paras": "LC", "parasect": "ZU", "venonat": "LC", "venomoth": "NU", "diglett": "LC", "dugtrio": "UU", "meowth": "LC", "persian": "UU", "psyduck": "LC", "golduck": "NU", "mankey": "LC", "primeape": "ZU", "growlithe": "LC", "arcanine": "PU", "poliwag": "ZU", "poliwhirl": "NU", "poliwrath": "NU", "abra": "ZU", "kadabra": "UU", "alakazam": "OU", "machop": "LC", "machoke": "NFE", "machamp": "PU", "bellsprout": "LC", "weepinbell": "NFE", "victreebel": "NU", "tentacool": "LC", "tentacruel": "UU", "geodude": "LC", "graveler": "PU", "golem": "UU", "ponyta": "LC", "rapidash": "PU", "slowpoke": "ZU", "slowbro": "OU", "magnemite": "LC", "magneton": "ZU", "farfetchd": "ZU", "doduo": "LC", "dodrio": "UU", "seel": "LC", "dewgong": "UU", "grimer": "LC", "muk": "ZU", "shellder": "LC", "cloyster": "OU", "gastly": "PU", "haunter": "UU", "gengar": "OU", "onix": "ZU", "drowzee": "PU", "hypno": "UUBL", "krabby": "LC", "kingler": "NU", "voltorb": "LC", "electrode": "UU", "exeggcute": "NU", "exeggutor": "OU", "cubone": "LC", "marowak": "ZU", "hitmonlee": "ZU", "hitmonchan": "ZU", "lickitung": "ZU", "koffing": "LC", "weezing": "ZU", "rhyhorn": "LC", "rhydon": "OU", "chansey": "OU", "tangela": "UU", "kangaskhan": "UU", "horsea": "LC", "seadra": "NU", "goldeen": "LC", "seaking": "PU", "staryu": "PU", "starmie": "OU", "mrmime": "NU", "scyther": "PU", "jynx": "OU", "electabuzz": "UU", "magmar": "PU", "pinsir": "PU", "tauros": "OU", "magikarp": "LC", "gyarados": "UU", "lapras": "UUBL", "ditto": "ZU", "eevee": "LC", "vaporeon": "UU", "jolteon": "OU", "flareon": "ZU", "porygon": "PU", "omanyte": "PU", "omastar": "UU", "kabuto": "LC", "kabutops": "NU", "aerodactyl": "NU", "snorlax": "OU", "articuno": "UU", "zapdos": "OU", "moltres": "NU", "dratini": "LC", "dragonair": "PU", "dragonite": "UU", "mewtwo": "Uber", "mew": "Uber", "missingno": "Illegal"}