{"bulbasaur": "LC", "ivysaur": "ZU", "venusaur": "UUBL", "charmander": "LC", "charmeleon": "PU", "charizard": "UUBL", "squirtle": "LC", "wartortle": "ZUBL", "blastoise": "UU", "caterpie": "LC", "metapod": "NFE", "butterfree": "ZU", "weedle": "LC", "kakuna": "NFE", "beedrill": "PU", "pidgey": "LC", "pidgeotto": "NFE", "pidgeot": "NU", "rattata": "LC", "raticate": "NU", "spearow": "LC", "fearow": "NU", "ekans": "LC", "arbok": "NU", "pichu": "LC", "pikachu": "UU", "raichu": "NUBL", "sandshrew": "ZU", "sandslash": "UU", "nidoranf": "LC", "nidorina": "ZU", "nidoqueen": "UU", "nidoranm": "LC", "nidorino": "ZU", "nidoking": "OU", "cleffa": "LC", "clefairy": "PU", "clefable": "UUBL", "vulpix": "LC", "ninetales": "NU", "igglybuff": "LC", "jigglypuff": "NFE", "wigglytuff": "NU", "zubat": "LC", "golbat": "PU", "crobat": "UU", "oddish": "LC", "gloom": "NU", "vileplume": "UU", "bellossom": "UU", "paras": "LC", "parasect": "ZU", "venonat": "LC", "venomoth": "PU", "diglett": "ZU", "dugtrio": "NU", "meowth": "ZU", "persian": "NU", "psyduck": "LC", "golduck": "NUBL", "mankey": "LC", "primeape": "NU", "growlithe": "ZU", "arcanine": "UU", "poliwag": "ZUBL", "poliwhirl": "PU", "poliwrath": "NUBL", "politoed": "UU", "abra": "PU", "kadabra": "UU", "alakazam": "UUBL", "machop": "LC", "machoke": "PU", "machamp": "OU", "bellsprout": "LC", "weepinbell": "ZU", "victreebel": "UU", "tentacool": "ZU", "tentacruel": "UUBL", "geodude": "PU", "graveler": "NU", "golem": "OU", "ponyta": "PU", "rapidash": "NU", "slowpoke": "PU", "slowbro": "UU", "slowking": "UU", "magnemite": "NU", "magneton": "UU", "farfetchd": "NU", "doduo": "ZU", "dodrio": "UU", "seel": "LC", "dewgong": "NU", "grimer": "ZU", "muk": "UU", "shellder": "LC", "cloyster": "OU", "gastly": "PU", "haunter": "UU", "gengar": "OU", "onix": "ZU", "steelix": "OU", "drowzee": "PU", "hypno": "UU", "krabby": "LC", "kingler": "NU", "voltorb": "PU", "electrode": "UU", "exeggcute": "NU", "exeggutor": "OU", "cubone": "PU", "marowak": "OU", "tyrogue": "LC", "hitmonlee": "NU", "hitmonchan": "PUBL", "hitmontop": "PU", "lickitung": "NU", "koffing": "ZU", "weezing": "NU", "rhyhorn": "PU", "rhydon": "OU", "chansey": "UU", "blissey": "OU", "tangela": "PU", "kangaskhan": "UUBL", "horsea": "LC", "seadra": "PU", "kingdra": "UUBL", "goldeen": "LC", "seaking": "PU", "staryu": "PU", "starmie": "OU", "mrmime": "UU", "scyther": "UU", "scizor": "UUBL", "smoochum": "ZU", "jynx": "OU", "elekid": "PU", "electabuzz": "UU", "magby": "ZU", "magmar": "NU", "pinsir": "UU", "tauros": "UUBL", "magikarp": "LC", "gyarados": "UU", "lapras": "UUBL", "ditto": "ZU", "eevee": "PU", "vaporeon": "OU", "jolteon": "UUBL", "flareon": "NU", "espeon": "UUBL", "umbreon": "OU", "porygon": "NU", "porygon2": "UUBL", "omanyte": "PU", "omastar": "UU", "kabuto": "LC", "kabutops": "UU", "aerodactyl": "UU", "snorlax": "OU", "articuno": "UUBL", "zapdos": "OU", "moltres": "UUBL", "dratini": "ZU", "dragonair": "NU", "dragonite": "UUBL", "mewtwo": "Uber", "mew": "Uber", "chikorita": "LC", "bayleef": "ZU", "meganium": "UUBL", "cyndaquil": "LC", "quilava": "ZUBL", "typhlosion": "UUBL", "totodile": "LC", "croconaw": "ZU", "feraligatr": "NUBL", "sentret": "LC", "furret": "PUBL", "hoothoot": "LC", "noctowl": "PU", "ledyba": "LC", "ledian": "NU", "spinarak": "LC", "ariados": "PU", "chinchou": "NU", "lanturn": "UU", "togepi": "LC", "togetic": "ZU", "natu": "ZU", "xatu": "NU", "mareep": "ZU", "flaaffy": "PU", "ampharos": "UU", "marill": "LC", "azumarill": "NU", "sudowoodo": "NU", "hoppip": "LC", "skiploom": "NFE", "jumpluff": "UU", "aipom": "PU", "sunkern": "LC", "sunflora": "PU", "yanma": "ZU", "wooper": "LC", "quagsire": "UU", "murkrow": "PU", "misdreavus": "OU", "unown": "ZU", "wobbuffet": "ZU", "girafarig": "UU", "pineco": "NU", "forretress": "OU", "dunsparce": "NU", "gligar": "UU", "snubbull": "LC", "granbull": "UU", "qwilfish": "UU", "shuckle": "NU", "heracross": "OU", "sneasel": "PU", "teddiursa": "ZU", "ursaring": "UUBL", "slugma": "LC", "magcargo": "PU", "swinub": "LC", "piloswine": "UU", "corsola": "PU", "remoraid": "LC", "octillery": "NU", "delibird": "PU", "mantine": "PU", "skarmory": "OU", "houndour": "NU", "houndoom": "UUBL", "phanpy": "LC", "donphan": "UUBL", "stantler": "NU", "smeargle": "UUBL", "miltank": "OU", "raikou": "OU", "entei": "UUBL", "suicune": "OU", "larvitar": "LC", "pupitar": "NU", "tyranitar": "OU", "lugia": "Uber", "hooh": "Uber", "celebi": "Uber"}