{"bulbasaur": "LC", "ivysaur": "PU", "venusaur": "UUBL", "charmander": "LC", "charmeleon": "PU", "charizard": "OU", "squirtle": "LC", "wartortle": "ZU", "blastoise": "UU", "caterpie": "LC", "metapod": "NFE", "butterfree": "ZU", "weedle": "LC", "kakuna": "NFE", "beedrill": "ZU", "pidgey": "LC", "pidgeotto": "ZU", "pidgeot": "NU", "rattata": "LC", "raticate": "NU", "spearow": "LC", "fearow": "UU", "ekans": "LC", "arbok": "PU", "pichu": "LC", "pikachu": "NU", "raichu": "UU", "sandshrew": "LC", "sandslash": "UU", "nidoranf": "LC", "nidorina": "NFE", "nidoqueen": "UU", "nidoranm": "LC", "nidorino": "ZU", "nidoking": "UU", "cleffa": "LC", "clefairy": "NFE", "clefable": "UU", "vulpix": "LC", "ninetales": "UU", "igglybuff": "LC", "jigglypuff": "NFE", "wigglytuff": "PU", "zubat": "LC", "golbat": "NU", "crobat": "UUBL", "oddish": "LC", "gloom": "ZU", "vileplume": "UU", "bellossom": "NU", "paras": "LC", "parasect": "ZU", "venonat": "LC", "venomoth": "NU", "diglett": "NU", "dugtrio": "OU", "meowth": "LC", "persian": "UU", "psyduck": "LC", "golduck": "UU", "mankey": "LC", "primeape": "UU", "growlithe": "ZU", "arcanine": "UU", "poliwag": "LC", "poliwhirl": "ZUBL", "poliwrath": "UU", "politoed": "UU", "abra": "PU", "kadabra": "UUBL", "alakazam": "UUBL", "machop": "LC", "machoke": "PUBL", "machamp": "UUBL", "bellsprout": "LC", "weepinbell": "ZU", "victreebel": "UU", "tentacool": "ZU", "tentacruel": "UU", "geodude": "LC", "graveler": "ZU", "golem": "UU", "ponyta": "ZU", "rapidash": "UU", "slowpoke": "LC", "slowbro": "UUBL", "slowking": "UU", "magnemite": "ZU", "magneton": "OU", "farfetchd": "ZU", "doduo": "ZU", "dodrio": "UUBL", "seel": "LC", "dewgong": "NU", "grimer": "ZU", "muk": "UU", "shellder": "LC", "cloyster": "OU", "gastly": "PU", "haunter": "NU", "gengar": "OU", "onix": "LC", "steelix": "UUBL", "drowzee": "ZU", "hypno": "UU", "krabby": "LC", "kingler": "PU", "voltorb": "ZU", "electrode": "UU", "exeggcute": "ZU", "exeggutor": "UUBL", "cubone": "ZU", "marowak": "UUBL", "tyrogue": "LC", "hitmonlee": "UU", "hitmonchan": "NU", "hitmontop": "UU", "lickitung": "PU", "koffing": "ZU", "weezing": "UUBL", "rhyhorn": "ZU", "rhydon": "UUBL", "chansey": "UUBL", "blissey": "OU", "tangela": "PU", "kangaskhan": "UU", "horsea": "ZU", "seadra": "PU", "kingdra": "UUBL", "goldeen": "LC", "seaking": "ZU", "staryu": "ZU", "starmie": "OU", "mrmime": "UU", "scyther": "UU", "scizor": "UUBL", "smoochum": "ZU", "jynx": "UUBL", "elekid": "ZU", "electabuzz": "UU", "magby": "ZU", "magmar": "UU", "pinsir": "UU", "tauros": "UUBL", "magikarp": "LC", "gyarados": "OU", "lapras": "UU", "ditto": "ZU", "eevee": "LC", "vaporeon": "UUBL", "jolteon": "OU", "flareon": "NU", "espeon": "UUBL", "umbreon": "UUBL", "porygon": "ZU", "porygon2": "UUBL", "omanyte": "PU", "omastar": "UU", "kabuto": "LC", "kabutops": "UU", "aerodactyl": "OU", "snorlax": "OU", "articuno": "UUBL", "zapdos": "OU", "moltres": "OU", "dratini": "LC", "dragonair": "PU", "dragonite": "UUBL", "mewtwo": "Uber", "mew": "Uber", "chikorita": "LC", "bayleef": "ZU", "meganium": "UU", "cyndaquil": "ZU", "quilava": "ZU", "typhlosion": "UUBL", "totodile": "LC", "croconaw": "ZU", "feraligatr": "UU", "sentret": "LC", "furret": "PU", "hoothoot": "LC", "noctowl": "ZU", "ledyba": "LC", "ledian": "ZU", "spinarak": "LC", "ariados": "ZU", "chinchou": "PU", "lanturn": "UU", "togepi": "LC", "togetic": "PU", "natu": "LC", "xatu": "UU", "mareep": "LC", "flaaffy": "ZU", "ampharos": "UU", "azurill": "LC", "marill": "NFE", "azumarill": "UU", "sudowoodo": "NU", "hoppip": "LC", "skiploom": "NFE", "jumpluff": "UU", "aipom": "ZU", "sunkern": "LC", "sunflora": "ZU", "yanma": "PU", "wooper": "LC", "quagsire": "UU", "murkrow": "NU", "misdreavus": "UU", "unown": "ZU", "wynaut": "Uber", "wobbuffet": "Uber", "girafarig": "UU", "pineco": "LC", "forretress": "OU", "dunsparce": "PUBL", "gligar": "UU", "snubbull": "LC", "granbull": "UU", "qwilfish": "UU", "shuckle": "PU", "heracross": "OU", "sneasel": "UU", "teddiursa": "LC", "ursaring": "UUBL", "slugma": "LC", "magcargo": "PU", "swinub": "LC", "piloswine": "PUBL", "corsola": "ZUBL", "remoraid": "LC", "octillery": "NU", "delibird": "ZU", "mantine": "UU", "skarmory": "OU", "houndour": "PU", "houndoom": "UUBL", "phanpy": "LC", "donphan": "UUBL", "stantler": "UU", "smeargle": "UUBL", "miltank": "UUBL", "raikou": "UUBL", "entei": "UUBL", "suicune": "OU", "larvitar": "LC", "pupitar": "NU", "tyranitar": "OU", "lugia": "Uber", "hooh": "Uber", "celebi": "OU", "treecko": "LC", "grovyle": "PU", "sceptile": "UUBL", "torchic": "LC", "combusken": "PU", "blaziken": "UUBL", "mudkip": "LC", "marshtomp": "PU", "swampert": "OU", "poochyena": "LC", "mightyena": "PU", "zigzagoon": "NFE", "linoone": "UUBL", "wurmple": "LC", "silcoon": "NFE", "beautifly": "ZU", "cascoon": "NFE", "dustox": "ZU", "lotad": "LC", "lombre": "ZU", "ludicolo": "UUBL", "seedot": "LC", "nuzleaf": "NFE", "shiftry": "UU", "taillow": "ZU", "swellow": "UUBL", "wingull": "LC", "pelipper": "NU", "ralts": "LC", "kirlia": "NFE", "gardevoir": "UUBL", "surskit": "LC", "masquerain": "ZU", "shroomish": "LC", "breloom": "OU", "slakoth": "LC", "vigoroth": "NU", "slaking": "UUBL", "nincada": "LC", "ninjask": "UU", "shedinja": "ZUBL", "whismur": "LC", "loudred": "NFE", "exploud": "UU", "makuhita": "LC", "hariyama": "UUBL", "nosepass": "ZU", "skitty": "LC", "delcatty": "ZU", "sableye": "NU", "mawile": "PU", "aron": "ZU", "lairon": "ZUBL", "aggron": "UU", "meditite": "ZU", "medicham": "UUBL", "electrike": "LC", "manectric": "UU", "plusle": "NU", "minun": "PU", "volbeat": "ZU", "illumise": "ZU", "roselia": "NU", "gulpin": "LC", "swalot": "PU", "carvanha": "LC", "sharpedo": "UU", "wailmer": "LC", "wailord": "NU", "numel": "LC", "camerupt": "UU", "torkoal": "NU", "spoink": "ZU", "grumpig": "UU", "spinda": "ZU", "trapinch": "PU", "vibrava": "PU", "flygon": "OU", "cacnea": "LC", "cacturne": "NU", "swablu": "LC", "altaria": "UU", "zangoose": "UUBL", "seviper": "PU", "lunatone": "UU", "solrock": "UU", "barboach": "LC", "whiscash": "NU", "corphish": "LC", "crawdaunt": "NU", "baltoy": "LC", "claydol": "OU", "lileep": "ZU", "cradily": "UU", "anorith": "ZU", "armaldo": "UUBL", "feebas": "LC", "milotic": "OU", "castform": "ZU", "castformsunny": "ZU", "castformrainy": "ZU", "castformsnowy": "ZU", "kecleon": "NU", "shuppet": "ZU", "banette": "UU", "duskull": "PU", "dusclops": "UUBL", "tropius": "PU", "chimecho": "NU", "absol": "UU", "snorunt": "ZU", "glalie": "NU", "spheal": "LC", "sealeo": "PU", "walrein": "UU", "clamperl": "ZU", "huntail": "NU", "gorebyss": "UU", "relicanth": "NU", "luvdisc": "ZU", "bagon": "LC", "shelgon": "PU", "salamence": "OU", "beldum": "LC", "metang": "NU", "metagross": "OU", "regirock": "UUBL", "regice": "UUBL", "registeel": "UUBL", "latias": "Uber", "latios": "Uber", "kyogre": "Uber", "groudon": "Uber", "rayquaza": "Uber", "jirachi": "OU", "deoxys": "Uber", "deoxysattack": "Uber", "deoxysdefense": "Uber", "deoxysspeed": "Uber"}