{"bulbasaur": "LC", "ivysaur": "NFE", "venusaur": "UU", "charmander": "LC", "charmeleon": "NFE", "charizard": "NU", "squirtle": "LC", "wartortle": "NFE", "blastoise": "UU", "caterpie": "LC", "metapod": "NFE", "butterfree": "NU", "weedle": "LC", "kakuna": "NFE", "beedrill": "NU", "pidgey": "LC", "pidgeotto": "NFE", "pidgeot": "NU", "rattata": "LC", "raticate": "NU", "spearow": "LC", "fearow": "NU", "ekans": "LC", "arbok": "NU", "pichu": "LC", "pichuspikyeared": "NU", "pikachu": "NU", "raichu": "NU", "sandshrew": "LC", "sandslash": "NU", "nidoranf": "LC", "nidorina": "NFE", "nidoqueen": "NU", "nidoranm": "LC", "nidorino": "NFE", "nidoking": "UU", "cleffa": "LC", "clefairy": "NFE", "clefable": "UU", "vulpix": "LC", "ninetales": "NU", "igglybuff": "LC", "jigglypuff": "NFE", "wigglytuff": "NU", "zubat": "LC", "golbat": "NU", "crobat": "UUBL", "oddish": "LC", "gloom": "NFE", "vileplume": "NU", "bellossom": "NU", "paras": "LC", "parasect": "NU", "venonat": "LC", "venomoth": "NU", "diglett": "NU", "dugtrio": "UU", "meowth": "LC", "persian": "NU", "psyduck": "LC", "golduck": "NU", "mankey": "LC", "primeape": "UU", "growlithe": "LC", "arcanine": "UU", "poliwag": "LC", "poliwhirl": "NFE", "poliwrath": "NU", "politoed": "NU", "abra": "LC", "kadabra": "NU", "alakazam": "UU", "machop": "LC", "machoke": "NU", "machamp": "OU", "bellsprout": "LC", "weepinbell": "NFE", "victreebel": "NU", "tentacool": "LC", "tentacruel": "(OU)", "geodude": "LC", "graveler": "NFE", "golem": "NU", "ponyta": "LC", "rapidash": "NU", "slowpoke": "LC", "slowbro": "UU", "slowking": "NU", "magnemite": "LC", "magneton": "NU", "magnezone": "OU", "farfetchd": "NU", "doduo": "LC", "dodrio": "NU", "seel": "LC", "dewgong": "NU", "grimer": "LC", "muk": "NU", "shellder": "LC", "cloyster": "UU", "gastly": "LC", "haunter": "NU", "gengar": "OU", "onix": "LC", "steelix": "UU", "drowzee": "LC", "hypno": "NU", "krabby": "LC", "kingler": "NU", "voltorb": "LC", "electrode": "NU", "exeggcute": "LC", "exeggutor": "UU", "cubone": "LC", "marowak": "NU", "tyrogue": "LC", "hitmonlee": "UU", "hitmonchan": "NU", "hitmontop": "UU", "lickitung": "LC", "lickilicky": "NU", "koffing": "LC", "weezing": "UU", "rhyhorn": "LC", "rhydon": "NFE", "rhyperior": "UU", "happiny": "LC", "chansey": "UU", "blissey": "OU", "tangela": "NU", "tangrowth": "UU", "kangaskhan": "UU", "horsea": "LC", "seadra": "NFE", "kingdra": "OU", "goldeen": "LC", "seaking": "NU", "staryu": "LC", "starmie": "OU", "mimejr": "LC", "mrmime": "NU", "scyther": "UU", "scizor": "OU", "smoochum": "LC", "jynx": "NU", "elekid": "LC", "electabuzz": "NU", "electivire": "(OU)", "magby": "LC", "magmar": "NFE", "magmortar": "NU", "pinsir": "NU", "tauros": "NU", "magikarp": "LC", "gyarados": "OU", "lapras": "NU", "ditto": "NU", "eevee": "LC", "vaporeon": "(OU)", "jolteon": "(OU)", "flareon": "NU", "espeon": "NUBL", "umbreon": "(OU)", "leafeon": "UU", "glaceon": "NU", "porygon": "LC", "porygon2": "NU", "porygonz": "UUBL", "omanyte": "LC", "omastar": "UU", "kabuto": "LC", "kabutops": "UU", "aerodactyl": "OU", "munchlax": "LC", "snorlax": "(OU)", "articuno": "NU", "zapdos": "OU", "moltres": "UU", "dratini": "LC", "dragonair": "NU", "dragonite": "OU", "mewtwo": "Uber", "mew": "Uber", "chikorita": "LC", "bayleef": "NFE", "meganium": "NU", "cyndaquil": "LC", "quilava": "NFE", "typhlosion": "NU", "totodile": "LC", "croconaw": "NFE", "feraligatr": "UU", "sentret": "LC", "furret": "NU", "hoothoot": "LC", "noctowl": "NU", "ledyba": "LC", "ledian": "NU", "spinarak": "LC", "ariados": "NU", "chinchou": "LC", "lanturn": "UU", "togepi": "LC", "togetic": "NU", "togekiss": "(OU)", "natu": "LC", "xatu": "NU", "mareep": "LC", "flaaffy": "NFE", "ampharos": "NU", "azurill": "LC", "marill": "NFE", "azumarill": "UU", "bonsly": "LC", "sudowoodo": "NU", "hoppip": "LC", "skiploom": "NFE", "jumpluff": "NU", "aipom": "LC", "ambipom": "UU", "sunkern": "LC", "sunflora": "NU", "yanma": "NU", "yanmega": "UUBL", "wooper": "LC", "quagsire": "NU", "murkrow": "NU", "honchkrow": "UUBL", "misdreavus": "NU", "mismagius": "UU", "unown": "NU", "wynaut": "Uber", "wobbuffet": "Uber", "girafarig": "NU", "pineco": "LC", "forretress": "OU", "dunsparce": "NU", "gligar": "NU", "gliscor": "OU", "snubbull": "LC", "granbull": "NU", "qwilfish": "UU", "shuckle": "NU", "heracross": "UUBL", "sneasel": "NU", "weavile": "OU", "teddiursa": "LC", "ursaring": "UU", "slugma": "LC", "magcargo": "NU", "swinub": "LC", "piloswine": "NU", "mamoswine": "(OU)", "corsola": "NU", "remoraid": "LC", "octillery": "NU", "delibird": "NU", "mantyke": "LC", "mantine": "NU", "skarmory": "OU", "houndour": "LC", "houndoom": "UU", "phanpy": "LC", "donphan": "UU", "stantler": "NU", "smeargle": "(OU)", "miltank": "UU", "raikou": "UUBL", "entei": "NUBL", "suicune": "OU", "larvitar": "LC", "pupitar": "NFE", "tyranitar": "OU", "lugia": "Uber", "hooh": "Uber", "celebi": "OU", "treecko": "LC", "grovyle": "NFE", "sceptile": "UU", "torchic": "LC", "combusken": "NFE", "blaziken": "UU", "mudkip": "LC", "marshtomp": "NFE", "swampert": "OU", "poochyena": "LC", "mightyena": "NU", "zigzagoon": "LC", "linoone": "NU", "wurmple": "LC", "silcoon": "NFE", "beautifly": "NU", "cascoon": "NFE", "dustox": "NU", "lotad": "LC", "lombre": "NFE", "ludicolo": "UU", "seedot": "LC", "nuzleaf": "NFE", "shiftry": "NU", "taillow": "LC", "swellow": "UU", "wingull": "LC", "pelipper": "NU", "ralts": "LC", "kirlia": "NFE", "gardevoir": "NU", "gallade": "UUBL", "surskit": "LC", "masquerain": "NU", "shroomish": "LC", "breloom": "OU", "slakoth": "LC", "vigoroth": "NU", "slaking": "NU", "nincada": "LC", "ninjask": "(OU)", "shedinja": "NU", "whismur": "LC", "loudred": "NFE", "exploud": "NU", "makuhita": "LC", "hariyama": "UU", "nosepass": "LC", "probopass": "NU", "skitty": "LC", "delcatty": "NU", "sableye": "NU", "mawile": "NU", "aron": "LC", "lairon": "NFE", "aggron": "UU", "meditite": "NFE", "medicham": "NU", "electrike": "LC", "manectric": "NU", "plusle": "NU", "minun": "NU", "volbeat": "NU", "illumise": "NU", "budew": "LC", "roselia": "NU", "roserade": "OU", "gulpin": "LC", "swalot": "NU", "carvanha": "LC", "sharpedo": "NU", "wailmer": "LC", "wailord": "NU", "numel": "LC", "camerupt": "NU", "torkoal": "NU", "spoink": "LC", "grumpig": "NU", "spinda": "NU", "trapinch": "LC", "vibrava": "NFE", "flygon": "OU", "cacnea": "LC", "cacturne": "NU", "swablu": "LC", "altaria": "UU", "zangoose": "NU", "seviper": "NU", "lunatone": "NU", "solrock": "NU", "barboach": "LC", "whiscash": "NU", "corphish": "LC", "crawdaunt": "NU", "baltoy": "LC", "claydol": "UU", "lileep": "LC", "cradily": "NU", "anorith": "LC", "armaldo": "NU", "feebas": "LC", "milotic": "UU", "castform": "NU", "castformsunny": null, "castformrainy": null, "castformsnowy": null, "kecleon": "NU", "shuppet": "LC", "banette": "NU", "duskull": "LC", "dusclops": "NU", "dusknoir": "(OU)", "tropius": "NU", "chingling": "LC", "chimecho": "NU", "absol": "UU", "snorunt": "LC", "glalie": "NU", "froslass": "UUBL", "spheal": "LC", "sealeo": "NFE", "walrein": "NU", "clamperl": "NU", "huntail": "NU", "gorebyss": "NU", "relicanth": "NU", "luvdisc": "NU", "bagon": "LC", "shelgon": "NU", "salamence": "Uber", "beldum": "LC", "metang": "NU", "metagross": "OU", "regirock": "NU", "regice": "NU", "registeel": "UU", "latias": "OU", "latios": "Uber", "kyogre": "Uber", "groudon": "Uber", "rayquaza": "Uber", "jirachi": "OU", "deoxys": "Uber", "deoxysattack": "Uber", "deoxysdefense": "Uber", "deoxysspeed": "Uber", "turtwig": "LC", "grotle": "NFE", "torterra": "UU", "chimchar": "LC", "monferno": "NU", "infernape": "OU", "piplup": "LC", "prinplup": "NFE", "empoleon": "OU", "starly": "LC", "staravia": "NFE", "staraptor": "UUBL", "bidoof": "LC", "bibarel": "NU", "kricketot": "LC", "kricketune": "NU", "shinx": "LC", "luxio": "NFE", "luxray": "NU", "cranidos": "LC", "rampardos": "NU", "shieldon": "LC", "bastiodon": "NU", "burmy": "LC", "wormadam": "NU", "wormadamsandy": "NU", "wormadamtrash": "NU", "mothim": "NU", "combee": "LC", "vespiquen": "NU", "pachirisu": "NU", "buizel": "LC", "floatzel": "NU", "cherubi": "LC", "cherrim": "NU", "cherrimsunshine": null, "shellos": "LC", "gastrodon": "NU", "drifloon": "LC", "drifblim": "NU", "buneary": "LC", "lopunny": "NU", "glameow": "LC", "purugly": "NU", "stunky": "LC", "skuntank": "NU", "bronzor": "LC", "bronzong": "OU", "chatot": "NU", "spiritomb": "UU", "gible": "LC", "gabite": "NU", "garchomp": "Uber", "riolu": "LC", "lucario": "OU", "hippopotas": "NUBL", "hippowdon": "OU", "skorupi": "LC", "drapion": "UU", "croagunk": "LC", "toxicroak": "UU", "carnivine": "NU", "finneon": "LC", "lumineon": "NU", "snover": "NUBL", "abomasnow": "UUBL", "rotom": "UU", "rotomheat": "OU", "rotomwash": "OU", "rotomfrost": "OU", "rotomfan": "OU", "rotommow": "OU", "uxie": "UU", "mesprit": "UU", "azelf": "OU", "dialga": "Uber", "palkia": "Uber", "heatran": "OU", "regigigas": "NU", "giratina": "Uber", "giratinaorigin": null, "cresselia": "UUBL", "phione": "NU", "manaphy": "Uber", "darkrai": "Uber", "shaymin": "(OU)", "shayminsky": "Uber", "arceus": "AG", "arceusbug": null, "arceusdark": null, "arceusdragon": null, "arceuselectric": null, "arceusfighting": null, "arceusfire": null, "arceusflying": null, "arceusghost": null, "arceusgrass": null, "arceusground": null, "arceusice": null, "arceuspoison": null, "arceuspsychic": null, "arceusrock": null, "arceussteel": null, "arceuswater": null}