{"bulbasaur": "LC", "ivysaur": "NFE", "venusaur": "(OU)", "charmander": "LC", "charmeleon": "NFE", "charizard": "NU", "squirtle": "LC", "wartortle": "NU", "blastoise": "UU", "caterpie": "LC", "metapod": "NFE", "butterfree": "PU", "weedle": "LC", "kakuna": "NFE", "beedrill": "PU", "pidgey": "LC", "pidgeotto": "NFE", "pidgeot": "PU", "rattata": "LC", "raticate": "PU", "spearow": "LC", "fearow": "PU", "ekans": "LC", "arbok": "PU", "pichu": "LC", "pikachu": "NFE", "raichu": "PU", "sandshrew": "LC", "sandslash": "RU", "nidoranf": "LC", "nidorina": "NFE", "nidoqueen": "UU", "nidoranm": "LC", "nidorino": "NFE", "nidoking": "UU", "cleffa": "LC", "clefairy": "NFE", "clefable": "RU", "vulpix": "NFE", "ninetales": "OU", "igglybuff": "LC", "jigglypuff": "NFE", "wigglytuff": "PU", "zubat": "LC", "golbat": "NU", "crobat": "UU", "oddish": "LC", "gloom": "NFE", "vileplume": "PU", "bellossom": "PU", "paras": "LC", "parasect": "PU", "venonat": "LC", "venomoth": "RUBL", "diglett": "LC", "dugtrio": "(OU)", "meowth": "LC", "persian": "PU", "psyduck": "LC", "golduck": "PU", "mankey": "LC", "primeape": "NU", "growlithe": "LC", "arcanine": "UU", "poliwag": "LC", "poliwhirl": "NFE", "poliwrath": "RU", "politoed": "OU", "abra": "LC", "kadabra": "NU", "alakazam": "OU", "machop": "LC", "machoke": "NFE", "machamp": "UU", "bellsprout": "LC", "weepinbell": "NFE", "victreebel": "PU", "tentacool": "LC", "tentacruel": "OU", "geodude": "LC", "graveler": "NFE", "golem": "NU", "ponyta": "LC", "rapidash": "PU", "slowpoke": "LC", "slowbro": "UU", "slowking": "RU", "magnemite": "LC", "magneton": "RU", "magnezone": "OU", "farfetchd": "PU", "doduo": "LC", "dodrio": "PU", "seel": "LC", "dewgong": "PU", "grimer": "LC", "muk": "PU", "shellder": "LC", "cloyster": "OU", "gastly": "LC", "haunter": "NU", "gengar": "OU", "onix": "LC", "steelix": "RU", "drowzee": "LC", "hypno": "PU", "krabby": "LC", "kingler": "PU", "voltorb": "LC", "electrode": "NU", "exeggcute": "LC", "exeggutor": "NU", "cubone": "LC", "marowak": "PU", "tyrogue": "LC", "hitmonlee": "RU", "hitmonchan": "RU", "hitmontop": "UU", "lickitung": "LC", "lickilicky": "NU", "koffing": "LC", "weezing": "NU", "rhyhorn": "LC", "rhydon": "RU", "rhyperior": "UU", "happiny": "LC", "chansey": "UUBL", "blissey": "OU", "tangela": "NU", "tangrowth": "RU", "kangaskhan": "NU", "horsea": "LC", "seadra": "NFE", "kingdra": "UU", "goldeen": "LC", "seaking": "PU", "staryu": "LC", "starmie": "OU", "mimejr": "LC", "mrmime": "PU", "scyther": "RU", "scizor": "OU", "smoochum": "LC", "jynx": "NUBL", "elekid": "LC", "electabuzz": "NU", "electivire": "RU", "magby": "LC", "magmar": "NFE", "magmortar": "RU", "pinsir": "NU", "tauros": "NU", "magikarp": "LC", "gyarados": "OU", "lapras": "NU", "ditto": "NU", "eevee": "LC", "vaporeon": "(OU)", "jolteon": "(OU)", "flareon": "PU", "espeon": "(OU)", "umbreon": "UU", "leafeon": "PU", "glaceon": "PU", "porygon": "LC", "porygon2": "UU", "porygonz": "UU", "omanyte": "LC", "omastar": "RU", "kabuto": "LC", "kabutops": "RU", "aerodactyl": "RU", "munchlax": "LC", "snorlax": "UU", "articuno": "PU", "zapdos": "UU", "moltres": "RU", "dratini": "LC", "dragonair": "NFE", "dragonite": "OU", "mewtwo": "Uber", "mew": "UU", "chikorita": "LC", "bayleef": "NFE", "meganium": "PU", "cyndaquil": "LC", "quilava": "NFE", "typhlosion": "RU", "totodile": "LC", "croconaw": "NFE", "feraligatr": "RU", "sentret": "LC", "furret": "PU", "hoothoot": "LC", "noctowl": "PU", "ledyba": "LC", "ledian": "PU", "spinarak": "LC", "ariados": "PU", "chinchou": "LC", "lanturn": "RU", "togepi": "LC", "togetic": "NFE", "togekiss": "UU", "natu": "LC", "xatu": "UU", "mareep": "LC", "flaaffy": "NFE", "ampharos": "NU", "azurill": "LC", "marill": "NFE", "azumarill": "UU", "bonsly": "LC", "sudowoodo": "PU", "hoppip": "LC", "skiploom": "NFE", "jumpluff": "PU", "aipom": "LC", "ambipom": "UU", "sunkern": "LC", "sunflora": "PU", "yanma": "NFE", "yanmega": "UU", "wooper": "LC", "quagsire": "RU", "murkrow": "NFE", "honchkrow": "UU", "misdreavus": "NU", "mismagius": "UU", "unown": "PU", "wynaut": "LC", "wobbuffet": "UUBL", "girafarig": "PU", "pineco": "LC", "forretress": "OU", "dunsparce": "PU", "gligar": "UU", "gliscor": "OU", "snubbull": "LC", "granbull": "PU", "qwilfish": "RU", "shuckle": "PU", "heracross": "UU", "sneasel": "NFE", "weavile": "UU", "teddiursa": "LC", "ursaring": "PU", "slugma": "LC", "magcargo": "PU", "swinub": "LC", "piloswine": "NU", "mamoswine": "OU", "corsola": "PU", "remoraid": "LC", "octillery": "PU", "delibird": "PU", "mantyke": "LC", "mantine": "PU", "skarmory": "OU", "houndour": "LC", "houndoom": "UU", "phanpy": "LC", "donphan": "(OU)", "stantler": "PU", "smeargle": "RU", "miltank": "NU", "raikou": "UU", "entei": "RU", "suicune": "UU", "larvitar": "LC", "pupitar": "NFE", "tyranitar": "OU", "lugia": "Uber", "hooh": "Uber", "celebi": "OU", "treecko": "LC", "grovyle": "NFE", "sceptile": "RU", "torchic": "LC", "combusken": "PUBL", "blaziken": "Uber", "mudkip": "LC", "marshtomp": "NFE", "swampert": "UU", "poochyena": "LC", "mightyena": "PU", "zigzagoon": "LC", "linoone": "PUBL", "wurmple": "LC", "silcoon": "NFE", "beautifly": "PU", "cascoon": "NFE", "dustox": "PU", "lotad": "LC", "lombre": "NFE", "ludicolo": "NU", "seedot": "LC", "nuzleaf": "NFE", "shiftry": "PU", "taillow": "LC", "swellow": "NU", "wingull": "LC", "pelipper": "PU", "ralts": "LC", "kirlia": "NFE", "gardevoir": "NU", "gallade": "RU", "surskit": "LC", "masquerain": "PU", "shroomish": "LC", "breloom": "OU", "slakoth": "LC", "vigoroth": "PUBL", "slaking": "PU", "nincada": "LC", "ninjask": "NU", "shedinja": "PU", "whismur": "LC", "loudred": "NFE", "exploud": "PU", "makuhita": "LC", "hariyama": "RU", "nosepass": "LC", "probopass": "NU", "skitty": "LC", "delcatty": "PU", "sableye": "UU", "mawile": "PU", "aron": "LC", "lairon": "NFE", "aggron": "RU", "meditite": "NFE", "medicham": "RU", "electrike": "LC", "manectric": "RU", "plusle": "PU", "minun": "PU", "volbeat": "PU", "illumise": "PU", "budew": "LC", "roselia": "NU", "roserade": "UU", "gulpin": "LC", "swalot": "PU", "carvanha": "LC", "sharpedo": "UU", "wailmer": "LC", "wailord": "PU", "numel": "LC", "camerupt": "NU", "torkoal": "NU", "spoink": "LC", "grumpig": "PU", "spinda": "PU", "trapinch": "LC", "vibrava": "NFE", "flygon": "UU", "cacnea": "LC", "cacturne": "NU", "swablu": "LC", "altaria": "NU", "zangoose": "NU", "seviper": "PU", "lunatone": "PU", "solrock": "PU", "barboach": "LC", "whiscash": "PU", "corphish": "LC", "crawdaunt": "RU", "baltoy": "LC", "claydol": "UU", "lileep": "LC", "cradily": "NU", "anorith": "LC", "armaldo": "NU", "feebas": "LC", "milotic": "UU", "castform": "PU", "castformsunny": null, "castformrainy": null, "castformsnowy": null, "kecleon": "PU", "shuppet": "LC", "banette": "PU", "duskull": "LC", "dusclops": "UU", "dusknoir": "RU", "tropius": "PU", "chingling": "LC", "chimecho": "PU", "absol": "RU", "snorunt": "LC", "glalie": "PU", "froslass": "UUBL", "spheal": "LC", "sealeo": "NFE", "walrein": "PU", "clamperl": "LC", "huntail": "PU", "gorebyss": "NU", "relicanth": "PU", "luvdisc": "PU", "bagon": "LC", "shelgon": "NFE", "salamence": "OU", "beldum": "LC", "metang": "NU", "metagross": "(OU)", "regirock": "NU", "regice": "NU", "registeel": "UU", "latias": "OU", "latios": "OU", "kyogre": "Uber", "groudon": "Uber", "rayquaza": "Uber", "jirachi": "OU", "deoxys": "Uber", "deoxysattack": "Uber", "deoxysdefense": "Uber", "deoxysspeed": "Uber", "turtwig": "LC", "grotle": "NFE", "torterra": "PU", "chimchar": "LC", "monferno": "NFE", "infernape": "(OU)", "piplup": "LC", "prinplup": "NFE", "empoleon": "UU", "starly": "LC", "staravia": "NFE", "staraptor": "UUBL", "bidoof": "LC", "bibarel": "PU", "kricketot": "LC", "kricketune": "PU", "shinx": "LC", "luxio": "NFE", "luxray": "PU", "cranidos": "LC", "rampardos": "PU", "shieldon": "LC", "bastiodon": "NU", "burmy": "LC", "wormadam": "PU", "wormadamsandy": "PU", "wormadamtrash": "PU", "mothim": "PU", "combee": "LC", "vespiquen": "PU", "pachirisu": "PU", "buizel": "LC", "floatzel": "NU", "cherubi": "LC", "cherrim": "PU", "cherrimsunshine": null, "shellos": "LC", "gastrodon": "OU", "drifloon": "LC", "drifblim": "NU", "buneary": "LC", "lopunny": "PU", "glameow": "LC", "purugly": "PU", "stunky": "LC", "skuntank": "NU", "bronzor": "LC", "bronzong": "UU", "chatot": "PU", "spiritomb": "RU", "gible": "LC", "gabite": "NFE", "garchomp": "OU", "riolu": "PUBL", "lucario": "(OU)", "hippopotas": "LC", "hippowdon": "OU", "skorupi": "LC", "drapion": "RU", "croagunk": "LC", "toxicroak": "OU", "carnivine": "PU", "finneon": "LC", "lumineon": "PU", "snover": "LC", "abomasnow": "UU", "rotom": "RU", "rotomheat": "UU", "rotomwash": "OU", "rotomfrost": "PUBL", "rotomfan": "NU", "rotommow": "RU", "uxie": "RU", "mesprit": "RU", "azelf": "UU", "dialga": "Uber", "palkia": "Uber", "heatran": "OU", "regigigas": "PU", "giratina": "Uber", "giratinaorigin": "Uber", "cresselia": "RUBL", "phione": "PU", "manaphy": "Uber", "darkrai": "Uber", "shaymin": "UU", "shayminsky": "Uber", "arceus": "Uber", "arceusbug": null, "arceusdark": null, "arceusdragon": null, "arceuselectric": null, "arceusfighting": null, "arceusfire": null, "arceusflying": null, "arceusghost": null, "arceusgrass": null, "arceusground": null, "arceusice": null, "arceuspoison": null, "arceuspsychic": null, "arceusrock": null, "arceussteel": null, "arceuswater": null, "victini": "UU", "snivy": "LC", "servine": "NFE", "serperior": "NU", "tepig": "LC", "pignite": "NFE", "emboar": "RU", "oshawott": "LC", "dewott": "NFE", "samurott": "NU", "patrat": "LC", "watchog": "PU", "lillipup": "LC", "herdier": "NFE", "stoutland": "PU", "purrloin": "LC", "liepard": "NU", "pansage": "LC", "simisage": "PU", "pansear": "LC", "simisear": "PU", "panpour": "LC", "simipour": "PUBL", "munna": "LC", "musharna": "NU", "pidove": "LC", "tranquill": "NFE", "unfezant": "PU", "blitzle": "LC", "zebstrika": "PU", "roggenrola": "LC", "boldore": "NFE", "gigalith": "NU", "woobat": "LC", "swoobat": "PU", "drilbur": "LC", "excadrill": "OU", "audino": "PU", "timburr": "LC", "gurdurr": "NU", "conkeldurr": "OU", "tympole": "LC", "palpitoad": "NFE", "seismitoad": "NU", "throh": "PUBL", "sawk": "NU", "sewaddle": "LC", "swadloon": "NFE", "leavanny": "PU", "venipede": "LC", "whirlipede": "NFE", "scolipede": "NUBL", "cottonee": "LC", "whimsicott": "RU", "petilil": "LC", "lilligant": "RU", "basculin": "NU", "basculinbluestriped": "NU", "sandile": "LC", "krokorok": "NFE", "krookodile": "UU", "darumaka": "LC", "darmanitan": "UU", "maractus": "PU", "dwebble": "LC", "crustle": "RU", "scraggy": "NFE", "scrafty": "UU", "sigilyph": "RU", "yamask": "LC", "cofagrigus": "UU", "tirtouga": "LC", "carracosta": "NU", "archen": "LC", "archeops": "RU", "trubbish": "LC", "garbodor": "NU", "zorua": "LC", "zoroark": "UU", "minccino": "LC", "cinccino": "RU", "gothita": "LC", "gothorita": "PUBL", "gothitelle": "UUBL", "solosis": "LC", "duosion": "NFE", "reuniclus": "OU", "ducklett": "LC", "swanna": "PU", "vanillite": "LC", "vanillish": "NFE", "vanilluxe": "PU", "deerling": "LC", "sawsbuck": "NU", "emolga": "PU", "karrablast": "LC", "escavalier": "RU", "foongus": "LC", "amoonguss": "RU", "frillish": "LC", "jellicent": "OU", "alomomola": "NU", "joltik": "LC", "galvantula": "RU", "ferroseed": "RU", "ferrothorn": "OU", "klink": "LC", "klang": "NFE", "klinklang": "RU", "tynamo": "LC", "eelektrik": "NFE", "eelektross": "NU", "elgyem": "LC", "beheeyem": "PU", "litwick": "LC", "lampent": "NFE", "chandelure": "UUBL", "axew": "LC", "fraxure": "NFE", "haxorus": "(OU)", "cubchoo": "LC", "beartic": "PU", "cryogonal": "RU", "shelmet": "LC", "accelgor": "RU", "stunfisk": "PU", "mienfoo": "LC", "mienshao": "UU", "druddigon": "RU", "golett": "LC", "golurk": "NU", "pawniard": "LC", "bisharp": "UU", "bouffalant": "RU", "rufflet": "LC", "braviary": "NU", "vullaby": "LC", "mandibuzz": "NU", "heatmor": "PU", "durant": "RU", "deino": "LC", "zweilous": "NFE", "hydreigon": "OU", "larvesta": "LC", "volcarona": "OU", "cobalion": "UU", "terrakion": "OU", "virizion": "UU", "tornadus": "UU", "tornadustherian": "Uber", "thundurus": "Uber", "thundurustherian": "OU", "reshiram": "Uber", "zekrom": "Uber", "landorus": "Uber", "landorustherian": "OU", "kyurem": "UUBL", "kyuremblack": "OU", "kyuremwhite": "Uber", "keldeo": "OU", "keldeoresolute": "OU", "meloetta": "UU", "meloettapirouette": null, "genesect": "Uber", "genesectburn": "Uber", "genesectchill": "Uber", "genesectdouse": "Uber", "genesectshock": "Uber", "pokestarsmeargle": "Illegal", "pokestarufo": "Illegal", "pokestarufo2": "Illegal", "pokestarbrycenman": "Illegal", "pokestarmt": "Illegal", "pokestarmt2": "Illegal", "pokestartransport": "Illegal", "pokestargiant": "Illegal", "pokestargiant2": "Illegal", "pokestarhumanoid": "Illegal", "pokestarmonster": "Illegal", "pokestarf00": "Illegal", "pokestarf002": "Illegal", "pokestarspirit": "Illegal", "pokestarblackdoor": "Illegal", "pokestarwhitedoor": "Illegal", "pokestarblackbelt": "Illegal", "pokestargiantpropo2": "Illegal", "pokestarufopropu2": "Illegal"}