{"bulbasaur": "LC", "ivysaur": "NFE", "venusaur": "RU", "venusaurmega": "OU", "charmander": "LC", "charmeleon": "NFE", "charizard": "NU", "charizardmegax": "OU", "charizardmegay": "OU", "squirtle": "LC", "wartortle": "NFE", "blastoise": "RU", "blastoisemega": "UU", "caterpie": "LC", "metapod": "NFE", "butterfree": "ZU", "weedle": "LC", "kakuna": "NFE", "beedrill": "ZU", "beedrillmega": "UU", "pidgey": "LC", "pidgeotto": "NFE", "pidgeot": "ZU", "pidgeotmega": "UUBL", "rattata": "LC", "raticate": "ZU", "spearow": "LC", "fearow": "ZU", "ekans": "LC", "arbok": "PU", "pichu": "LC", "pikachu": "ZU", "pikachucosplay": "ZU", "pikachurockstar": "ZU", "pikachubelle": "ZU", "pikachupopstar": "ZU", "pikachuphd": "ZU", "pikachulibre": "ZU", "raichu": "PU", "sandshrew": "LC", "sandslash": "NU", "nidoranf": "LC", "nidorina": "NFE", "nidoqueen": "UU", "nidoranm": "LC", "nidorino": "NFE", "nidoking": "UU", "cleffa": "LC", "clefairy": "PU", "clefable": "OU", "vulpix": "LC", "ninetales": "PU", "igglybuff": "LC", "jigglypuff": "NFE", "wigglytuff": "ZU", "zubat": "LC", "golbat": "RU", "crobat": "UU", "oddish": "LC", "gloom": "NFE", "vileplume": "NU", "bellossom": "ZU", "paras": "LC", "parasect": "ZU", "venonat": "LC", "venomoth": "RUBL", "diglett": "LC", "dugtrio": "(OU)", "meowth": "LC", "persian": "ZU", "psyduck": "LC", "golduck": "ZU", "mankey": "LC", "primeape": "NU", "growlithe": "LC", "arcanine": "UU", "poliwag": "LC", "poliwhirl": "NFE", "poliwrath": "NU", "politoed": "ZU", "abra": "LC", "kadabra": "PU", "alakazam": "UUBL", "alakazammega": "UUBL", "machop": "LC", "machoke": "PUBL", "machamp": "UU", "bellsprout": "LC", "weepinbell": "NFE", "victreebel": "PUBL", "tentacool": "LC", "tentacruel": "UU", "geodude": "LC", "graveler": "NFE", "golem": "PU", "ponyta": "LC", "rapidash": "PU", "slowpoke": "LC", "slowbro": "OU", "slowbromega": "(OU)", "slowking": "RU", "magnemite": "LC", "magneton": "RU", "magnezone": "OU", "farfetchd": "ZU", "doduo": "LC", "dodrio": "PU", "seel": "LC", "dewgong": "ZU", "grimer": "LC", "muk": "PU", "shellder": "LC", "cloyster": "UU", "gastly": "LC", "haunter": "NU", "gengar": "OU", "gengarmega": "Uber", "onix": "LC", "steelix": "NU", "steelixmega": "RUBL", "drowzee": "LC", "hypno": "ZU", "krabby": "LC", "kingler": "PU", "voltorb": "LC", "electrode": "PU", "exeggcute": "LC", "exeggutor": "PUBL", "cubone": "LC", "marowak": "PU", "tyrogue": "LC", "hitmonlee": "RU", "hitmonchan": "NU", "hitmontop": "RU", "lickitung": "LC", "lickilicky": "PU", "koffing": "LC", "weezing": "NU", "rhyhorn": "LC", "rhydon": "NU", "rhyperior": "RU", "happiny": "LC", "chansey": "OU", "blissey": "UU", "tangela": "PU", "tangrowth": "OU", "kangaskhan": "NU", "kangaskhanmega": "Uber", "horsea": "LC", "seadra": "NFE", "kingdra": "RUBL", "goldeen": "LC", "seaking": "ZU", "staryu": "LC", "starmie": "OU", "mimejr": "LC", "mrmime": "PU", "scyther": "NU", "scizor": "OU", "scizormega": "OU", "smoochum": "LC", "jynx": "NU", "elekid": "LC", "electabuzz": "NFE", "electivire": "NU", "magby": "LC", "magmar": "NFE", "magmortar": "NU", "pinsir": "NU", "pinsirmega": "OU", "tauros": "NU", "magikarp": "LC", "gyarados": "UU", "gyaradosmega": "UUBL", "lapras": "PU", "ditto": "ZU", "eevee": "LC", "vaporeon": "UU", "jolteon": "RU", "flareon": "PU", "espeon": "UU", "umbreon": "UU", "leafeon": "PU", "glaceon": "ZU", "porygon": "LC", "porygon2": "UU", "porygonz": "UU", "omanyte": "LC", "omastar": "NU", "kabuto": "LC", "kabutops": "NU", "aerodactyl": "RU", "aerodactylmega": "UU", "munchlax": "LC", "snorlax": "UU", "articuno": "PU", "zapdos": "OU", "moltres": "RUBL", "dratini": "LC", "dragonair": "NFE", "dragonite": "OU", "mewtwo": "Uber", "mewtwomegax": "Uber", "mewtwomegay": "Uber", "mew": "OU", "chikorita": "LC", "bayleef": "NFE", "meganium": "ZU", "cyndaquil": "LC", "quilava": "NFE", "typhlosion": "RU", "totodile": "LC", "croconaw": "NFE", "feraligatr": "UU", "sentret": "LC", "furret": "ZU", "hoothoot": "LC", "noctowl": "ZU", "ledyba": "LC", "ledian": "ZU", "spinarak": "LC", "ariados": "ZU", "chinchou": "LC", "lanturn": "NU", "togepi": "LC", "togetic": "RU", "togekiss": "UUBL", "natu": "LC", "xatu": "NU", "mareep": "LC", "flaaffy": "NFE", "ampharos": "PU", "ampharosmega": "UU", "azurill": "LC", "marill": "NFE", "azumarill": "OU", "bonsly": "LC", "sudowoodo": "ZU", "hoppip": "LC", "skiploom": "NFE", "jumpluff": "ZU", "aipom": "LC", "ambipom": "RU", "sunkern": "LC", "sunflora": "ZU", "yanma": "NFE", "yanmega": "RUBL", "wooper": "LC", "quagsire": "PUBL", "murkrow": "NFE", "honchkrow": "RUBL", "misdreavus": "PU", "mismagius": "NU", "unown": "ZU", "wynaut": "LC", "wobbuffet": "ZU", "girafarig": "ZU", "pineco": "LC", "forretress": "UU", "dunsparce": "ZU", "gligar": "UU", "gliscor": "OU", "snubbull": "LC", "granbull": "RU", "qwilfish": "RU", "shuckle": "RUBL", "heracross": "UU", "heracrossmega": "(OU)", "sneasel": "RU", "weavile": "OU", "teddiursa": "LC", "ursaring": "PU", "slugma": "LC", "magcargo": "ZU", "swinub": "LC", "piloswine": "NU", "mamoswine": "UU", "corsola": "ZU", "remoraid": "LC", "octillery": "ZU", "delibird": "ZU", "mantyke": "LC", "mantine": "NU", "skarmory": "OU", "houndour": "LC", "houndoom": "RU", "houndoommega": "RUBL", "phanpy": "LC", "donphan": "UU", "stantler": "ZU", "smeargle": "PU", "miltank": "NU", "raikou": "(OU)", "entei": "UU", "suicune": "UU", "larvitar": "LC", "pupitar": "NFE", "tyranitar": "OU", "tyranitarmega": "(OU)", "lugia": "Uber", "hooh": "Uber", "celebi": "UU", "treecko": "LC", "grovyle": "NFE", "sceptile": "NUBL", "sceptilemega": "UU", "torchic": "LC", "combusken": "PU", "blaziken": "Uber", "blazikenmega": "Uber", "mudkip": "LC", "marshtomp": "NFE", "swampert": "UU", "swampertmega": "UU", "poochyena": "LC", "mightyena": "ZU", "zigzagoon": "LC", "linoone": "PUBL", "wurmple": "LC", "silcoon": "NFE", "beautifly": "ZU", "cascoon": "NFE", "dustox": "ZU", "lotad": "LC", "lombre": "NFE", "ludicolo": "NU", "seedot": "LC", "nuzleaf": "NFE", "shiftry": "NU", "taillow": "LC", "swellow": "NU", "wingull": "LC", "pelipper": "PU", "ralts": "LC", "kirlia": "NFE", "gardevoir": "UU", "gardevoirmega": "OU", "gallade": "RU", "gallademega": "UUBL", "surskit": "LC", "masquerain": "ZU", "shroomish": "LC", "breloom": "OU", "slakoth": "LC", "vigoroth": "PUBL", "slaking": "ZU", "nincada": "LC", "ninjask": "PU", "shedinja": "ZU", "whismur": "LC", "loudred": "NFE", "exploud": "RU", "makuhita": "LC", "hariyama": "NU", "nosepass": "LC", "probopass": "PU", "skitty": "LC", "delcatty": "ZU", "sableye": "RUBL", "sableyemega": "Uber", "mawile": "PU", "mawilemega": "Uber", "aron": "LC", "lairon": "NFE", "aggron": "NU", "aggronmega": "UU", "meditite": "NFE", "medicham": "RU", "medichammega": "OU", "electrike": "LC", "manectric": "NU", "manectricmega": "OU", "plusle": "ZU", "minun": "ZU", "volbeat": "ZU", "illumise": "ZU", "budew": "LC", "roselia": "PU", "roserade": "UU", "gulpin": "LC", "swalot": "ZU", "carvanha": "LC", "sharpedo": "RUBL", "sharpedomega": "UU", "wailmer": "LC", "wailord": "ZU", "numel": "LC", "camerupt": "PU", "cameruptmega": "RU", "torkoal": "PU", "spoink": "LC", "grumpig": "PU", "spinda": "ZU", "trapinch": "LC", "vibrava": "NFE", "flygon": "RU", "cacnea": "LC", "cacturne": "PU", "swablu": "LC", "altaria": "PU", "altariamega": "UUBL", "zangoose": "NU", "seviper": "ZU", "lunatone": "ZU", "solrock": "ZU", "barboach": "LC", "whiscash": "ZU", "corphish": "LC", "crawdaunt": "UU", "baltoy": "LC", "claydol": "NU", "lileep": "LC", "cradily": "NU", "anorith": "LC", "armaldo": "PU", "feebas": "LC", "milotic": "UU", "castform": "ZU", "castformsunny": null, "castformrainy": null, "castformsnowy": null, "kecleon": "NU", "shuppet": "LC", "banette": "ZU", "banettemega": "RU", "duskull": "LC", "dusclops": "NFE", "dusknoir": "PU", "tropius": "ZU", "chingling": "LC", "chimecho": "ZU", "absol": "RU", "absolmega": "UU", "snorunt": "LC", "glalie": "ZU", "glaliemega": "RU", "froslass": "RUBL", "spheal": "LC", "sealeo": "NFE", "walrein": "ZU", "clamperl": "LC", "huntail": "ZU", "gorebyss": "PU", "relicanth": "PU", "luvdisc": "ZU", "bagon": "LC", "shelgon": "NFE", "salamence": "UUBL", "salamencemega": "Uber", "beldum": "LC", "metang": "PU", "metagross": "UU", "metagrossmega": "OU", "regirock": "NU", "regice": "PU", "registeel": "RU", "latias": "OU", "latiasmega": "(OU)", "latios": "OU", "latiosmega": "(OU)", "kyogre": "Uber", "kyogreprimal": null, "groudon": "Uber", "groudonprimal": null, "rayquaza": "Uber", "rayquazamega": "AG", "jirachi": "OU", "deoxys": "Uber", "deoxysattack": "Uber", "deoxysdefense": "Uber", "deoxysspeed": "Uber", "turtwig": "LC", "grotle": "NFE", "torterra": "NU", "chimchar": "LC", "monferno": "PU", "infernape": "UU", "piplup": "LC", "prinplup": "PU", "empoleon": "UU", "starly": "LC", "staravia": "NFE", "staraptor": "UUBL", "bidoof": "LC", "bibarel": "ZU", "kricketot": "LC", "kricketune": "ZU", "shinx": "LC", "luxio": "NFE", "luxray": "ZU", "cranidos": "LC", "rampardos": "PU", "shieldon": "LC", "bastiodon": "ZU", "burmy": "LC", "wormadam": "ZU", "wormadamsandy": "ZU", "wormadamtrash": "ZU", "mothim": "ZU", "combee": "LC", "vespiquen": "ZU", "pachirisu": "ZU", "buizel": "LC", "floatzel": "PU", "cherubi": "LC", "cherrim": "ZU", "cherrimsunshine": null, "shellos": "LC", "gastrodon": "NU", "drifloon": "NFE", "drifblim": "PU", "buneary": "LC", "lopunny": "ZU", "lopunnymega": "OU", "glameow": "LC", "purugly": "ZUBL", "stunky": "LC", "skuntank": "NU", "bronzor": "LC", "bronzong": "RU", "chatot": "PU", "spiritomb": "RU", "gible": "LC", "gabite": "PU", "garchomp": "OU", "garchompmega": "(OU)", "riolu": "LC", "lucario": "UU", "lucariomega": "Uber", "hippopotas": "LC", "hippowdon": "OU", "skorupi": "LC", "drapion": "RU", "croagunk": "LC", "toxicroak": "UU", "carnivine": "ZU", "finneon": "LC", "lumineon": "PU", "snover": "LC", "abomasnow": "NU", "abomasnowmega": "RUBL", "rotom": "NU", "rotomheat": "UU", "rotomwash": "OU", "rotomfrost": "PU", "rotomfan": "PU", "rotommow": "RU", "uxie": "RU", "mesprit": "NU", "azelf": "OU", "dialga": "Uber", "palkia": "Uber", "heatran": "OU", "regigigas": "ZUBL", "giratina": "Uber", "giratinaorigin": null, "cresselia": "UU", "phione": "ZU", "manaphy": "OU", "darkrai": "Uber", "shaymin": "RUBL", "shayminsky": "Uber", "arceus": "Uber", "arceusbug": null, "arceusdark": null, "arceusdragon": null, "arceuselectric": null, "arceusfairy": null, "arceusfighting": null, "arceusfire": null, "arceusflying": null, "arceusghost": null, "arceusgrass": null, "arceusground": null, "arceusice": null, "arceuspoison": null, "arceuspsychic": null, "arceusrock": null, "arceussteel": null, "arceuswater": null, "victini": "UUBL", "snivy": "LC", "servine": "NFE", "serperior": "OU", "tepig": "LC", "pignite": "NFE", "emboar": "RU", "oshawott": "LC", "dewott": "NFE", "samurott": "NU", "patrat": "LC", "watchog": "ZU", "lillipup": "LC", "herdier": "NFE", "stoutland": "PU", "purrloin": "LC", "liepard": "NU", "pansage": "LC", "simisage": "ZU", "pansear": "LC", "simisear": "ZUBL", "panpour": "LC", "simipour": "ZU", "munna": "LC", "musharna": "PUBL", "pidove": "LC", "tranquill": "NFE", "unfezant": "ZU", "blitzle": "LC", "zebstrika": "PU", "roggenrola": "LC", "boldore": "NFE", "gigalith": "ZU", "woobat": "LC", "swoobat": "ZU", "drilbur": "LC", "excadrill": "OU", "audino": "PU", "audinomega": "NU", "timburr": "LC", "gurdurr": "NU", "conkeldurr": "UUBL", "tympole": "LC", "palpitoad": "NFE", "seismitoad": "RU", "throh": "PUBL", "sawk": "RU", "sewaddle": "LC", "swadloon": "NFE", "leavanny": "PU", "venipede": "LC", "whirlipede": "NFE", "scolipede": "UUBL", "cottonee": "LC", "whimsicott": "UU", "petilil": "LC", "lilligant": "NU", "basculin": "PU", "basculinbluestriped": "PU", "sandile": "LC", "krokorok": "NFE", "krookodile": "UU", "darumaka": "LC", "darmanitan": "UU", "maractus": "ZU", "dwebble": "LC", "crustle": "PU", "scraggy": "LC", "scrafty": "RU", "sigilyph": "RU", "yamask": "LC", "cofagrigus": "RU", "tirtouga": "LC", "carracosta": "PUBL", "archen": "LC", "archeops": "NU", "trubbish": "LC", "garbodor": "NU", "zorua": "LC", "zoroark": "RUBL", "minccino": "LC", "cinccino": "RU", "gothita": "LC", "gothorita": "NFE", "gothitelle": "ZU", "solosis": "LC", "duosion": "NFE", "reuniclus": "UU", "ducklett": "LC", "swanna": "PU", "vanillite": "LC", "vanillish": "NFE", "vanilluxe": "ZU", "deerling": "LC", "sawsbuck": "ZU", "emolga": "ZU", "karrablast": "LC", "escavalier": "RU", "foongus": "LC", "amoonguss": "OU", "frillish": "LC", "jellicent": "RU", "alomomola": "RU", "joltik": "LC", "galvantula": "UU", "ferroseed": "NU", "ferrothorn": "OU", "klink": "LC", "klang": "NFE", "klinklang": "NU", "tynamo": "LC", "eelektrik": "NFE", "eelektross": "RU", "elgyem": "LC", "beheeyem": "PU", "litwick": "LC", "lampent": "NFE", "chandelure": "UU", "axew": "LC", "fraxure": "ZUBL", "haxorus": "UU", "cubchoo": "LC", "beartic": "ZU", "cryogonal": "PU", "shelmet": "LC", "accelgor": "RU", "stunfisk": "PU", "mienfoo": "LC", "mienshao": "UU", "druddigon": "RU", "golett": "LC", "golurk": "NU", "pawniard": "PU", "bisharp": "OU", "bouffalant": "PU", "rufflet": "LC", "braviary": "RU", "vullaby": "PU", "mandibuzz": "UU", "heatmor": "ZU", "durant": "RUBL", "deino": "LC", "zweilous": "NFE", "hydreigon": "UU", "larvesta": "LC", "volcarona": "UUBL", "cobalion": "UU", "terrakion": "UUBL", "virizion": "RU", "tornadus": "UU", "tornadustherian": "OU", "thundurus": "OU", "thundurustherian": "UUBL", "reshiram": "Uber", "zekrom": "Uber", "landorus": "Uber", "landorustherian": "OU", "kyurem": "RUBL", "kyuremblack": "OU", "kyuremwhite": "Uber", "keldeo": "OU", "keldeoresolute": "OU", "meloetta": "RU", "meloettapirouette": null, "genesect": "Uber", "genesectburn": "Uber", "genesectchill": "Uber", "genesectdouse": "Uber", "genesectshock": "Uber", "chespin": "LC", "quilladin": "NFE", "chesnaught": "UU", "fennekin": "LC", "braixen": "NFE", "delphox": "RU", "froakie": "LC", "frogadier": "NFE", "greninja": "Uber", "bunnelby": "LC", "diggersby": "UUBL", "fletchling": "LC", "fletchinder": "RU", "talonflame": "OU", "scatterbug": "LC", "spewpa": "NFE", "vivillon": "NU", "litleo": "LC", "pyroar": "NU", "flabebe": "LC", "floette": "NFE", "floetteeternal": "Illegal", "florges": "UU", "skiddo": "LC", "gogoat": "ZU", "pancham": "LC", "pangoro": "RUBL", "furfrou": "ZU", "espurr": "LC", "meowstic": "ZU", "meowsticf": "ZU", "honedge": "LC", "doublade": "UU", "aegislash": "Uber", "aegislashblade": null, "spritzee": "LC", "aromatisse": "RU", "swirlix": "NFE", "slurpuff": "UUBL", "inkay": "LC", "malamar": "NU", "binacle": "LC", "barbaracle": "NU", "skrelp": "LC", "dragalge": "RUBL", "clauncher": "LC", "clawitzer": "RU", "helioptile": "LC", "heliolisk": "UU", "tyrunt": "LC", "tyrantrum": "RUBL", "amaura": "LC", "aurorus": "NU", "sylveon": "UU", "hawlucha": "UUBL", "dedenne": "ZU", "carbink": "ZU", "goomy": "LC", "sliggoo": "NFE", "goodra": "UU", "klefki": "UU", "phantump": "LC", "trevenant": "PU", "pumpkaboo": "LC", "pumpkaboosmall": "LC", "pumpkaboolarge": "LC", "pumpkaboosuper": "LC", "gourgeist": "ZU", "gourgeistsmall": "ZU", "gourgeistlarge": "ZU", "gourgeistsuper": "PU", "bergmite": "LC", "avalugg": "PU", "noibat": "LC", "noivern": "RUBL", "xerneas": "Uber", "yveltal": "Uber", "zygarde": "UUBL", "diancie": "RU", "dianciemega": "OU", "hoopa": "RU", "hoopaunbound": "Uber", "volcanion": "OU"}