{"bulbasaur": "LC", "ivysaur": "NFE", "venusaur": "RU", "venusaurmega": "UUBL", "charmander": "LC", "charmeleon": "NFE", "charizard": "PUBL", "charizardmegax": "OU", "charizardmegay": "OU", "squirtle": "LC", "wartortle": "NFE", "blastoise": "NU", "blastoisemega": "RU", "caterpie": "LC", "metapod": "NFE", "butterfree": "ZU", "weedle": "LC", "kakuna": "NFE", "beedrill": "ZU", "beedrillmega": "UU", "pidgey": "LC", "pidgeotto": "NFE", "pidgeot": "ZU", "pidgeotmega": "UU", "rattata": "LC", "rattataalola": "LC", "raticate": "ZU", "raticatealola": "ZUBL", "raticatealolatotem": "ZUBL", "spearow": "LC", "fearow": "ZU", "ekans": "LC", "arbok": "ZU", "pichu": "LC", "pikachu": "ZU", "pikachuoriginal": "ZU", "pikachuhoenn": "ZU", "pikachusinnoh": "ZU", "pikachuunova": "ZU", "pikachukalos": "ZU", "pikachualola": "ZU", "pikachupartner": "ZU", "raichu": "ZU", "raichualola": "PU", "sandshrew": "LC", "sandshrewalola": "LC", "sandslash": "ZU", "sandslashalola": "PU", "nidoranf": "LC", "nidorina": "NFE", "nidoqueen": "RU", "nidoranm": "LC", "nidorino": "NFE", "nidoking": "UU", "cleffa": "LC", "clefairy": "PU", "clefable": "OU", "vulpix": "NFE", "vulpixalola": "LC", "ninetales": "RU", "ninetalesalola": "UUBL", "igglybuff": "LC", "jigglypuff": "NFE", "wigglytuff": "ZU", "zubat": "LC", "golbat": "NU", "crobat": "UU", "oddish": "LC", "gloom": "NFE", "vileplume": "NUBL", "bellossom": "ZU", "paras": "LC", "parasect": "ZU", "venonat": "LC", "venomoth": "RUBL", "diglett": "LC", "diglettalola": "LC", "dugtrio": "ZU", "dugtrioalola": "PU", "meowth": "LC", "meowthalola": "LC", "persian": "ZU", "persianalola": "PU", "psyduck": "LC", "golduck": "ZU", "mankey": "LC", "primeape": "PU", "growlithe": "LC", "arcanine": "RU", "poliwag": "LC", "poliwhirl": "NFE", "poliwrath": "ZU", "politoed": "ZU", "abra": "LC", "kadabra": "ZU", "alakazam": "UUBL", "alakazammega": "OU", "machop": "LC", "machoke": "NFE", "machamp": "RU", "bellsprout": "LC", "weepinbell": "NFE", "victreebel": "PU", "tentacool": "LC", "tentacruel": "UU", "geodude": "LC", "geodudealola": "LC", "graveler": "NFE", "graveleralola": "NFE", "golem": "ZU", "golemalola": "ZU", "ponyta": "LC", "rapidash": "ZU", "slowpoke": "LC", "slowbro": "RU", "slowbromega": "RUBL", "slowking": "NU", "magnemite": "LC", "magneton": "UU", "magnezone": "OU", "farfetchd": "ZU", "doduo": "LC", "dodrio": "PU", "seel": "LC", "dewgong": "ZU", "grimer": "LC", "grimeralola": "LC", "muk": "ZU", "mukalola": "UU", "shellder": "LC", "cloyster": "RU", "gastly": "LC", "haunter": "PU", "gengar": "UU", "gengarmega": "Uber", "onix": "LC", "steelix": "NU", "steelixmega": "UU", "drowzee": "LC", "hypno": "ZU", "krabby": "LC", "kingler": "PUBL", "voltorb": "LC", "electrode": "ZU", "exeggcute": "LC", "exeggutor": "ZUBL", "exeggutoralola": "NU", "cubone": "LC", "marowak": "ZU", "marowakalola": "RU", "marowakalolatotem": "RU", "tyrogue": "LC", "hitmonlee": "NU", "hitmonchan": "PU", "hitmontop": "NU", "lickitung": "LC", "lickilicky": "ZU", "koffing": "LC", "weezing": "NU", "rhyhorn": "LC", "rhydon": "NU", "rhyperior": "RU", "happiny": "LC", "chansey": "OU", "blissey": "UU", "tangela": "PU", "tangrowth": "OU", "kangaskhan": "PU", "kangaskhanmega": "Uber", "horsea": "LC", "seadra": "NFE", "kingdra": "NUBL", "goldeen": "LC", "seaking": "ZU", "staryu": "LC", "starmie": "UU", "mimejr": "LC", "mrmime": "ZU", "scyther": "PU", "scizor": "UU", "scizormega": "OU", "smoochum": "LC", "jynx": "ZUBL", "elekid": "LC", "electabuzz": "NFE", "electivire": "ZU", "magby": "LC", "magmar": "NFE", "magmortar": "NU", "pinsir": "ZU", "pinsirmega": "UUBL", "tauros": "PUBL", "magikarp": "LC", "gyarados": "UUBL", "gyaradosmega": "OU", "lapras": "ZU", "ditto": "ZU", "eevee": "LC", "vaporeon": "NU", "jolteon": "RU", "flareon": "ZU", "espeon": "RU", "umbreon": "RU", "leafeon": "ZU", "glaceon": "ZU", "porygon": "NFE", "porygon2": "RU", "porygonz": "UUBL", "omanyte": "LC", "omastar": "PU", "kabuto": "LC", "kabutops": "PU", "aerodactyl": "NU", "aerodactylmega": "UU", "munchlax": "LC", "snorlax": "RU", "articuno": "PU", "zapdos": "OU", "moltres": "UU", "dratini": "LC", "dragonair": "NFE", "dragonite": "UUBL", "mewtwo": "Uber", "mewtwomegax": "Uber", "mewtwomegay": "Uber", "mew": "UU", "chikorita": "LC", "bayleef": "NFE", "meganium": "ZU", "cyndaquil": "LC", "quilava": "NFE", "typhlosion": "NU", "totodile": "LC", "croconaw": "NFE", "feraligatr": "UU", "sentret": "LC", "furret": "ZU", "hoothoot": "LC", "noctowl": "ZU", "ledyba": "LC", "ledian": "ZU", "spinarak": "LC", "ariados": "ZU", "chinchou": "LC", "lanturn": "PU", "togepi": "LC", "togetic": "NFE", "togekiss": "UU", "natu": "LC", "xatu": "NU", "mareep": "LC", "flaaffy": "NFE", "ampharos": "ZU", "ampharosmega": "RU", "azurill": "LC", "marill": "NFE", "azumarill": "OU", "bonsly": "LC", "sudowoodo": "ZU", "hoppip": "LC", "skiploom": "NFE", "jumpluff": "ZU", "aipom": "NFE", "ambipom": "NU", "sunkern": "LC", "sunflora": "ZU", "yanma": "NFE", "yanmega": "RU", "wooper": "LC", "quagsire": "UUBL", "murkrow": "NFE", "honchkrow": "RU", "misdreavus": "NFE", "mismagius": "NU", "unown": "ZU", "wynaut": "LC", "wobbuffet": "ZU", "girafarig": "ZU", "pineco": "LC", "forretress": "RU", "dunsparce": "ZU", "gligar": "UU", "gliscor": "OU", "snubbull": "LC", "granbull": "ZU", "qwilfish": "PU", "shuckle": "ZU", "heracross": "RUBL", "heracrossmega": "UUBL", "sneasel": "NU", "weavile": "UUBL", "teddiursa": "LC", "ursaring": "ZUBL", "slugma": "LC", "magcargo": "ZU", "swinub": "LC", "piloswine": "NU", "mamoswine": "UU", "corsola": "ZU", "remoraid": "LC", "octillery": "ZU", "delibird": "ZU", "mantyke": "LC", "mantine": "RU", "skarmory": "OU", "houndour": "LC", "houndoom": "PUBL", "houndoommega": "RUBL", "phanpy": "LC", "donphan": "RU", "stantler": "ZU", "smeargle": "ZU", "miltank": "NU", "raikou": "RU", "entei": "RUBL", "suicune": "UU", "larvitar": "LC", "pupitar": "NFE", "tyranitar": "OU", "tyranitarmega": "OU", "lugia": "Uber", "hooh": "Uber", "celebi": "UU", "treecko": "LC", "grovyle": "NFE", "sceptile": "NU", "sceptilemega": "RU", "torchic": "LC", "combusken": "ZU", "blaziken": "Uber", "blazikenmega": "Uber", "mudkip": "LC", "marshtomp": "NFE", "swampert": "UU", "swampertmega": "OU", "poochyena": "LC", "mightyena": "ZU", "zigzagoon": "LC", "linoone": "RUBL", "wurmple": "LC", "silcoon": "NFE", "beautifly": "ZU", "cascoon": "NFE", "dustox": "ZU", "lotad": "LC", "lombre": "NFE", "ludicolo": "PU", "seedot": "LC", "nuzleaf": "NFE", "shiftry": "ZUBL", "taillow": "LC", "swellow": "RU", "wingull": "NFE", "pelipper": "OU", "ralts": "LC", "kirlia": "NFE", "gardevoir": "RU", "gardevoirmega": "UUBL", "gallade": "PUBL", "gallademega": "UUBL", "surskit": "LC", "masquerain": "ZU", "shroomish": "LC", "breloom": "UUBL", "slakoth": "LC", "vigoroth": "NFE", "slaking": "ZU", "nincada": "LC", "ninjask": "ZU", "shedinja": "ZU", "whismur": "LC", "loudred": "NFE", "exploud": "NUBL", "makuhita": "LC", "hariyama": "NU", "nosepass": "LC", "probopass": "ZU", "skitty": "LC", "delcatty": "ZU", "sableye": "PU", "sableyemega": "OU", "mawile": "ZU", "mawilemega": "OU", "aron": "LC", "lairon": "NFE", "aggron": "PU", "aggronmega": "UU", "meditite": "NFE", "medicham": "NU", "medichammega": "OU", "electrike": "LC", "manectric": "PU", "manectricmega": "UU", "plusle": "ZU", "minun": "ZU", "volbeat": "ZU", "illumise": "ZU", "budew": "LC", "roselia": "PU", "roserade": "RU", "gulpin": "LC", "swalot": "ZU", "carvanha": "LC", "sharpedo": "RUBL", "sharpedomega": "UU", "wailmer": "LC", "wailord": "ZU", "numel": "LC", "camerupt": "ZU", "cameruptmega": "NUBL", "torkoal": "ZU", "spoink": "LC", "grumpig": "ZU", "spinda": "ZU", "trapinch": "NFE", "vibrava": "NFE", "flygon": "RU", "cacnea": "LC", "cacturne": "ZU", "swablu": "LC", "altaria": "ZU", "altariamega": "UU", "zangoose": "PU", "seviper": "ZU", "lunatone": "ZU", "solrock": "ZU", "barboach": "LC", "whiscash": "ZU", "corphish": "LC", "crawdaunt": "UU", "baltoy": "LC", "claydol": "PU", "lileep": "LC", "cradily": "ZU", "anorith": "LC", "armaldo": "ZU", "feebas": "LC", "milotic": "RU", "castform": "ZU", "castformsunny": null, "castformrainy": null, "castformsnowy": null, "kecleon": "ZU", "shuppet": "LC", "banette": "ZU", "banettemega": "RU", "duskull": "LC", "dusclops": "ZU", "dusknoir": "ZU", "tropius": "ZU", "chingling": "LC", "chimecho": "ZU", "absol": "PU", "absolmega": "RUBL", "snorunt": "LC", "glalie": "ZU", "glaliemega": "NU", "froslass": "UU", "spheal": "LC", "sealeo": "NFE", "walrein": "ZU", "clamperl": "LC", "huntail": "ZU", "gorebyss": "ZUBL", "relicanth": "ZU", "luvdisc": "ZU", "bagon": "LC", "shelgon": "NFE", "salamence": "UUBL", "salamencemega": "Uber", "beldum": "LC", "metang": "NFE", "metagross": "RU", "metagrossmega": "Uber", "regirock": "PU", "regice": "ZU", "registeel": "RU", "latias": "UU", "latiasmega": "OU", "latios": "UUBL", "latiosmega": "UUBL", "kyogre": "Uber", "kyogreprimal": "Uber", "groudon": "Uber", "groudonprimal": "Uber", "rayquaza": "Uber", "rayquazamega": "AG", "jirachi": "OU", "deoxys": "Uber", "deoxysattack": "Uber", "deoxysdefense": "Uber", "deoxysspeed": "Uber", "turtwig": "LC", "grotle": "NFE", "torterra": "ZU", "chimchar": "LC", "monferno": "NFE", "infernape": "UU", "piplup": "LC", "prinplup": "NFE", "empoleon": "UU", "starly": "LC", "staravia": "NFE", "staraptor": "UUBL", "bidoof": "LC", "bibarel": "ZU", "kricketot": "LC", "kricketune": "ZU", "shinx": "LC", "luxio": "NFE", "luxray": "ZU", "cranidos": "LC", "rampardos": "ZU", "shieldon": "LC", "bastiodon": "ZU", "burmy": "LC", "wormadam": "ZU", "wormadamsandy": "ZU", "wormadamtrash": "ZU", "mothim": "ZU", "combee": "LC", "vespiquen": "ZU", "pachirisu": "ZU", "buizel": "LC", "floatzel": "ZU", "cherubi": "LC", "cherrim": "ZU", "cherrimsunshine": null, "shellos": "LC", "gastrodon": "PU", "drifloon": "NFE", "drifblim": "ZU", "buneary": "LC", "lopunny": "ZU", "lopunnymega": "OU", "glameow": "LC", "purugly": "ZU", "stunky": "LC", "skuntank": "PU", "bronzor": "ZU", "bronzong": "RU", "chatot": "ZU", "spiritomb": "PU", "gible": "LC", "gabite": "NFE", "garchomp": "OU", "garchompmega": "(OU)", "riolu": "LC", "lucario": "UU", "lucariomega": "Uber", "hippopotas": "LC", "hippowdon": "UU", "skorupi": "LC", "drapion": "RU", "croagunk": "LC", "toxicroak": "RU", "carnivine": "ZU", "finneon": "LC", "lumineon": "ZU", "snover": "LC", "abomasnow": "PU", "abomasnowmega": "NU", "rotom": "NU", "rotomheat": "UU", "rotomwash": "OU", "rotomfrost": "PU", "rotomfan": "ZU", "rotommow": "RU", "uxie": "RU", "mesprit": "NU", "azelf": "UU", "dialga": "Uber", "palkia": "Uber", "heatran": "OU", "regigigas": "ZU", "giratina": "Uber", "giratinaorigin": null, "cresselia": "RU", "phione": "ZU", "manaphy": "OU", "darkrai": "Uber", "shaymin": "RU", "shayminsky": "Uber", "arceus": "Uber", "arceusbug": null, "arceusdark": null, "arceusdragon": null, "arceuselectric": null, "arceusfairy": null, "arceusfighting": null, "arceusfire": null, "arceusflying": null, "arceusghost": null, "arceusgrass": null, "arceusground": null, "arceusice": null, "arceuspoison": null, "arceuspsychic": null, "arceusrock": null, "arceussteel": null, "arceuswater": null, "victini": "OU", "snivy": "LC", "servine": "NFE", "serperior": "OU", "tepig": "LC", "pignite": "NFE", "emboar": "NUBL", "oshawott": "LC", "dewott": "NFE", "samurott": "NU", "patrat": "LC", "watchog": "ZU", "lillipup": "LC", "herdier": "NFE", "stoutland": "PU", "purrloin": "LC", "liepard": "PU", "pansage": "LC", "simisage": "ZU", "pansear": "LC", "simisear": "ZU", "panpour": "LC", "simipour": "ZU", "munna": "LC", "musharna": "PU", "pidove": "LC", "tranquill": "NFE", "unfezant": "ZU", "blitzle": "LC", "zebstrika": "ZU", "roggenrola": "LC", "boldore": "NFE", "gigalith": "RU", "woobat": "LC", "swoobat": "ZU", "drilbur": "LC", "excadrill": "OU", "audino": "PU", "audinomega": "NU", "timburr": "LC", "gurdurr": "PU", "conkeldurr": "UUBL", "tympole": "LC", "palpitoad": "NFE", "seismitoad": "NU", "throh": "ZUBL", "sawk": "PUBL", "sewaddle": "LC", "swadloon": "NFE", "leavanny": "ZU", "venipede": "LC", "whirlipede": "NFE", "scolipede": "UUBL", "cottonee": "LC", "whimsicott": "NU", "petilil": "LC", "lilligant": "PUBL", "basculin": "ZU", "basculinbluestriped": "ZU", "sandile": "LC", "krokorok": "NFE", "krookodile": "UU", "darumaka": "LC", "darmanitan": "RUBL", "maractus": "ZU", "dwebble": "LC", "crustle": "ZU", "scraggy": "LC", "scrafty": "NU", "sigilyph": "NU", "yamask": "LC", "cofagrigus": "NUBL", "tirtouga": "LC", "carracosta": "PU", "archen": "LC", "archeops": "PUBL", "trubbish": "LC", "garbodor": "NU", "zorua": "LC", "zoroark": "RUBL", "minccino": "LC", "cinccino": "PUBL", "gothita": "NFE", "gothorita": "NFE", "gothitelle": "ZU", "solosis": "LC", "duosion": "NFE", "reuniclus": "RUBL", "ducklett": "LC", "swanna": "ZU", "vanillite": "LC", "vanillish": "NFE", "vanilluxe": "NUBL", "deerling": "LC", "sawsbuck": "ZU", "emolga": "ZU", "karrablast": "LC", "escavalier": "RU", "foongus": "LC", "amoonguss": "UU", "frillish": "LC", "jellicent": "PU", "alomomola": "UU", "joltik": "LC", "galvantula": "RU", "ferroseed": "PU", "ferrothorn": "OU", "klink": "LC", "klang": "NFE", "klinklang": "NU", "tynamo": "LC", "eelektrik": "NFE", "eelektross": "PU", "elgyem": "LC", "beheeyem": "ZU", "litwick": "LC", "lampent": "NFE", "chandelure": "UU", "axew": "LC", "fraxure": "NFE", "haxorus": "UU", "cubchoo": "LC", "beartic": "ZU", "cryogonal": "PU", "shelmet": "LC", "accelgor": "NU", "stunfisk": "ZU", "mienfoo": "LC", "mienshao": "RUBL", "druddigon": "NU", "golett": "LC", "golurk": "PU", "pawniard": "ZU", "bisharp": "UU", "bouffalant": "ZU", "rufflet": "LC", "braviary": "NU", "vullaby": "LC", "mandibuzz": "RU", "heatmor": "ZU", "durant": "RUBL", "deino": "LC", "zweilous": "NFE", "hydreigon": "UU", "larvesta": "LC", "volcarona": "OU", "cobalion": "UU", "terrakion": "UU", "virizion": "RU", "tornadus": "RUBL", "tornadustherian": "OU", "thundurus": "UUBL", "thundurustherian": "UUBL", "reshiram": "Uber", "zekrom": "Uber", "landorus": "Uber", "landorustherian": "OU", "kyurem": "RUBL", "kyuremblack": "OU", "kyuremwhite": "Uber", "keldeo": "OU", "keldeoresolute": "OU", "meloetta": "RUBL", "meloettapirouette": null, "genesect": "Uber", "genesectburn": "Uber", "genesectchill": "Uber", "genesectdouse": "Uber", "genesectshock": "Uber", "chespin": "LC", "quilladin": "NFE", "chesnaught": "UU", "fennekin": "LC", "braixen": "NFE", "delphox": "NU", "froakie": "LC", "frogadier": "NFE", "greninja": "OU", "greninjabond": "OU", "greninjaash": "OU", "bunnelby": "LC", "diggersby": "UUBL", "fletchling": "LC", "fletchinder": "NFE", "talonflame": "RUBL", "scatterbug": "LC", "spewpa": "NFE", "vivillon": "NU", "vivillonfancy": "NU", "vivillonpokeball": "NU", "litleo": "LC", "pyroar": "PUBL", "flabebe": "LC", "floette": "NFE", "floetteeternal": "Illegal", "florges": "RU", "skiddo": "LC", "gogoat": "ZU", "pancham": "LC", "pangoro": "NU", "furfrou": "ZU", "espurr": "LC", "meowstic": "ZU", "meowsticf": "ZU", "honedge": "LC", "doublade": "UU", "aegislash": "Uber", "aegislashblade": null, "spritzee": "LC", "aromatisse": "PUBL", "swirlix": "NFE", "slurpuff": "NUBL", "inkay": "LC", "malamar": "NU", "binacle": "LC", "barbaracle": "NUBL", "skrelp": "LC", "dragalge": "RU", "clauncher": "LC", "clawitzer": "NU", "helioptile": "LC", "heliolisk": "NU", "tyrunt": "LC", "tyrantrum": "RU", "amaura": "LC", "aurorus": "PU", "sylveon": "UU", "hawlucha": "OU", "dedenne": "ZU", "carbink": "ZU", "goomy": "LC", "sliggoo": "NFE", "goodra": "RU", "klefki": "UU", "phantump": "LC", "trevenant": "ZU", "pumpkaboo": "LC", "pumpkaboosmall": "LC", "pumpkaboolarge": "LC", "pumpkaboosuper": "LC", "gourgeist": "ZU", "gourgeistsmall": "ZU", "gourgeistlarge": "ZU", "gourgeistsuper": "ZU", "bergmite": "LC", "avalugg": "ZU", "noibat": "LC", "noivern": "RU", "xerneas": "Uber", "yveltal": "Uber", "zygarde": "Uber", "zygarde10": "RU", "zygardecomplete": "Uber", "diancie": "RU", "dianciemega": "OU", "hoopa": "RU", "hoopaunbound": "UUBL", "volcanion": "UU", "rowlet": "LC", "dartrix": "NFE", "decidueye": "NU", "litten": "LC", "torracat": "NFE", "incineroar": "NU", "popplio": "LC", "brionne": "NFE", "primarina": "UU", "pikipek": "LC", "trumbeak": "NFE", "toucannon": "ZU", "yungoos": "LC", "gumshoos": "ZU", "gumshoostotem": "ZU", "grubbin": "LC", "charjabug": "NFE", "vikavolt": "NU", "vikavolttotem": "NU", "crabrawler": "LC", "crabominable": "ZUBL", "oricorio": "ZU", "oricoriopompom": "PU", "oricoriopau": "ZU", "oricoriosensu": "PU", "cutiefly": "NFE", "ribombee": "RU", "ribombeetotem": "RU", "rockruff": "LC", "rockruffdusk": "LC", "lycanroc": "PU", "lycanrocmidnight": "ZU", "lycanrocdusk": "RU", "wishiwashi": "ZU", "wishiwashischool": null, "mareanie": "ZU", "toxapex": "OU", "mudbray": "LC", "mudsdale": "PU", "dewpider": "LC", "araquanid": "RU", "araquanidtotem": "RU", "fomantis": "LC", "lurantis": "PU", "lurantistotem": "PU", "morelull": "LC", "shiinotic": "ZU", "salandit": "LC", "salazzle": "RU", "salazzletotem": "RU", "stufful": "LC", "bewear": "RU", "bounsweet": "LC", "steenee": "NFE", "tsareena": "RU", "comfey": "NU", "oranguru": "ZU", "passimian": "NU", "wimpod": "LC", "golisopod": "RU", "sandygast": "LC", "palossand": "NU", "pyukumuku": "ZU", "typenull": "ZUBL", "silvally": "ZU", "silvallybug": "ZU", "silvallydark": "ZU", "silvallydragon": "ZU", "silvallyelectric": "ZU", "silvallyfairy": "PU", "silvallyfighting": "ZU", "silvallyfire": "ZU", "silvallyflying": "ZU", "silvallyghost": "PU", "silvallygrass": "ZU", "silvallyground": "ZU", "silvallyice": "ZU", "silvallypoison": "ZU", "silvallypsychic": "ZU", "silvallyrock": "ZU", "silvallysteel": "NU", "silvallywater": "ZU", "minior": "NU", "miniormeteor": null, "komala": "ZU", "turtonator": "ZUBL", "togedemaru": "NU", "togedemarutotem": "NU", "mimikyu": "UU", "mimikyutotem": "UU", "mimikyubustedtotem": null, "bruxish": "NUBL", "drampa": "PU", "dhelmise": "NU", "jangmoo": "LC", "hakamoo": "NFE", "kommoo": "OU", "kommoototem": "OU", "tapukoko": "OU", "tapulele": "OU", "tapubulu": "OU", "tapufini": "OU", "cosmog": "LC", "cosmoem": "NFE", "solgaleo": "Uber", "lunala": "Uber", "nihilego": "UU", "buzzwole": "UUBL", "pheromosa": "Uber", "xurkitree": "UUBL", "celesteela": "OU", "kartana": "OU", "guzzlord": "PUBL", "necrozma": "RU", "necrozmaduskmane": "Uber", "necrozmadawnwings": "Uber", "necrozmaultra": "Uber", "magearna": "OU", "magearnaoriginal": "Illegal", "marshadow": "Uber", "poipole": "NFE", "naganadel": "Uber", "stakataka": "RUBL", "blacephalon": "OU", "zeraora": "UU", "meltan": "Illegal", "melmetal": "Illegal"}