{"bulbasaur": "LC", "ivysaur": "NFE", "venusaur": "UU", "venusaurmega": "Illegal", "venusaurgmax": "AG", "charmander": "LC", "charmeleon": "NFE", "charizard": "PU", "charizardmegax": "Illegal", "charizardmegay": "Illegal", "charizardgmax": "AG", "squirtle": "LC", "wartortle": "NFE", "blastoise": "NUBL", "blastoisemega": "Illegal", "blastoisegmax": "AG", "caterpie": "LC", "metapod": "NFE", "butterfree": "ZU", "butterfreegmax": "AG", "weedle": "Illegal", "kakuna": "Illegal", "beedrill": "Illegal", "beedrillmega": "Illegal", "pidgey": "Illegal", "pidgeotto": "Illegal", "pidgeot": "Illegal", "pidgeotmega": "Illegal", "rattata": "Illegal", "rattataalola": "Illegal", "raticate": "Illegal", "raticatealola": "Illegal", "raticatealolatotem": "Illegal", "spearow": "Illegal", "fearow": "Illegal", "ekans": "Illegal", "arbok": "Illegal", "pichu": "LC", "pichuspikyeared": "Illegal", "pikachu": "ZU", "pikachucosplay": "Illegal", "pikachurockstar": "Illegal", "pikachubelle": "Illegal", "pikachupopstar": "Illegal", "pikachuphd": "Illegal", "pikachulibre": "Illegal", "pikachuoriginal": "ZU", "pikachuhoenn": "ZU", "pikachusinnoh": "ZU", "pikachuunova": "ZU", "pikachukalos": "ZU", "pikachualola": "ZU", "pikachupartner": "ZU", "pikachustarter": "Illegal", "pikachugmax": "AG", "pikachuworld": "ZU", "raichu": "ZU", "raichualola": "PUBL", "sandshrew": "LC", "sandshrewalola": "NUBL", "sandslash": "PU", "sandslashalola": "NUBL", "nidoranf": "LC", "nidorina": "NFE", "nidoqueen": "RU", "nidoranm": "LC", "nidorino": "NFE", "nidoking": "UU", "cleffa": "LC", "clefairy": "ZU", "clefable": "OU", "vulpix": "LC", "vulpixalola": "NFE", "ninetales": "ZU", "ninetalesalola": "OU", "igglybuff": "LC", "jigglypuff": "NFE", "wigglytuff": "ZU", "zubat": "LC", "golbat": "NFE", "crobat": "RU", "oddish": "LC", "gloom": "NFE", "vileplume": "NU", "bellossom": "ZU", "paras": "Illegal", "parasect": "Illegal", "venonat": "Illegal", "venomoth": "Illegal", "diglett": "LC", "diglettalola": "LC", "dugtrio": "ZU", "dugtrioalola": "ZU", "meowth": "LC", "meowthalola": "LC", "meowthgalar": "LC", "meowthgmax": "AG", "persian": "ZU", "persianalola": "ZU", "perrserker": "ZUBL", "psyduck": "LC", "golduck": "ZU", "mankey": "Illegal", "primeape": "Illegal", "growlithe": "LC", "growlithehisui": "Illegal", "arcanine": "NU", "arcaninehisui": "Illegal", "poliwag": "LC", "poliwhirl": "NFE", "poliwrath": "ZU", "politoed": "ZU", "abra": "LC", "kadabra": "NFE", "alakazam": "UUBL", "alakazammega": "Illegal", "machop": "LC", "machoke": "NFE", "machamp": "NUBL", "machampgmax": "AG", "bellsprout": "Illegal", "weepinbell": "Illegal", "victreebel": "Illegal", "tentacool": "LC", "tentacruel": "RU", "geodude": "Illegal", "geodudealola": "Illegal", "graveler": "Illegal", "graveleralola": "Illegal", "golem": "Illegal", "golemalola": "Illegal", "ponyta": "LC", "ponytagalar": "LC", "rapidash": "ZU", "rapidashgalar": "ZU", "slowpoke": "LC", "slowpokegalar": "LC", "slowbro": "OU", "slowbromega": "Illegal", "slowbrogalar": "RUBL", "slowking": "UU", "slowkinggalar": "OU", "magnemite": "LC", "magneton": "PU", "magnezone": "OU", "farfetchd": "ZU", "farfetchdgalar": "LC", "sirfetchd": "NUBL", "doduo": "Illegal", "dodrio": "Illegal", "seel": "Illegal", "dewgong": "Illegal", "grimer": "Illegal", "grimeralola": "Illegal", "muk": "Illegal", "mukalola": "Illegal", "shellder": "LC", "cloyster": "RU", "gastly": "NFE", "haunter": "ZUBL", "gengar": "UUBL", "gengarmega": "Illegal", "gengargmax": "AG", "onix": "LC", "steelix": "RU", "steelixmega": "Illegal", "drowzee": "Illegal", "hypno": "Illegal", "krabby": "LC", "kingler": "PUBL", "kinglergmax": "AG", "voltorb": "Illegal", "voltorbhisui": "Illegal", "electrode": "Illegal", "electrodehisui": "Illegal", "exeggcute": "LC", "exeggutor": "ZU", "exeggutoralola": "PUBL", "cubone": "LC", "marowak": "ZU", "marowakalola": "RU", "marowakalolatotem": "Illegal", "tyrogue": "LC", "hitmonlee": "PU", "hitmonchan": "ZU", "hitmontop": "NU", "lickitung": "LC", "lickilicky": "ZU", "koffing": "LC", "weezing": "PU", "weezinggalar": "RU", "rhyhorn": "LC", "rhydon": "ZU", "rhyperior": "RU", "happiny": "LC", "chansey": "UU", "blissey": "OU", "tangela": "NFE", "tangrowth": "UU", "kangaskhan": "ZU", "kangaskhanmega": "Illegal", "horsea": "LC", "seadra": "NFE", "kingdra": "PUBL", "goldeen": "LC", "seaking": "ZU", "staryu": "LC", "starmie": "NU", "mimejr": "LC", "mrmime": "ZU", "mrmimegalar": "NFE", "mrrime": "ZU", "scyther": "PUBL", "scizor": "UU", "scizormega": "Illegal", "smoochum": "LC", "jynx": "ZU", "elekid": "LC", "electabuzz": "NFE", "electivire": "ZU", "magby": "NFE", "magmar": "NFE", "magmortar": "ZUBL", "pinsir": "ZU", "pinsirmega": "Illegal", "tauros": "NU", "magikarp": "LC", "gyarados": "UU", "gyaradosmega": "Illegal", "lapras": "ZU", "laprasgmax": "AG", "ditto": "ZU", "eevee": "LC", "eeveestarter": "Illegal", "eeveegmax": "AG", "vaporeon": "NU", "jolteon": "PU", "flareon": "ZU", "espeon": "PUBL", "umbreon": "RU", "leafeon": "ZU", "glaceon": "ZU", "sylveon": "NU", "porygon": "LC", "porygon2": "RU", "porygonz": "NUBL", "omanyte": "LC", "omastar": "PUBL", "kabuto": "LC", "kabutops": "ZU", "aerodactyl": "NU", "aerodactylmega": "Illegal", "munchlax": "LC", "snorlax": "NU", "snorlaxgmax": "AG", "articuno": "ZU", "articunogalar": "PU", "zapdos": "OU", "zapdosgalar": "UUBL", "moltres": "UU", "moltresgalar": "UUBL", "dratini": "LC", "dragonair": "NFE", "dragonite": "OU", "mewtwo": "Uber", "mewtwomegax": "Illegal", "mewtwomegay": "Illegal", "mew": "OU", "chikorita": "Illegal", "bayleef": "Illegal", "meganium": "Illegal", "cyndaquil": "Illegal", "quilava": "Illegal", "typhlosion": "Illegal", "typhlosionhisui": "Illegal", "totodile": "Illegal", "croconaw": "Illegal", "feraligatr": "Illegal", "sentret": "Illegal", "furret": "Illegal", "hoothoot": "LC", "noctowl": "ZU", "ledyba": "Illegal", "ledian": "Illegal", "spinarak": "Illegal", "ariados": "Illegal", "chinchou": "LC", "lanturn": "PU", "togepi": "LC", "togetic": "NFE", "togekiss": "RU", "natu": "LC", "xatu": "NU", "mareep": "Illegal", "flaaffy": "Illegal", "ampharos": "Illegal", "ampharosmega": "Illegal", "azurill": "LC", "marill": "NFE", "azumarill": "UU", "bonsly": "LC", "sudowoodo": "ZU", "hoppip": "Illegal", "skiploom": "Illegal", "jumpluff": "Illegal", "aipom": "Illegal", "ambipom": "Illegal", "sunkern": "Illegal", "sunflora": "Illegal", "yanma": "Illegal", "yanmega": "Illegal", "wooper": "LC", "quagsire": "PU", "murkrow": "Illegal", "honchkrow": "Illegal", "misdreavus": "Illegal", "mismagius": "Illegal", "unown": "Illegal", "wynaut": "LC", "wobbuffet": "ZU", "girafarig": "Illegal", "pineco": "Illegal", "forretress": "Illegal", "dunsparce": "ZU", "gligar": "Illegal", "gliscor": "Illegal", "snubbull": "Illegal", "granbull": "Illegal", "qwilfish": "ZU", "qwilfishhisui": "Illegal", "shuckle": "ZU", "heracross": "RU", "heracrossmega": "Illegal", "sneasel": "ZUBL", "sneaselhisui": "Illegal", "weavile": "OU", "teddiursa": "Illegal", "ursaring": "Illegal", "slugma": "Illegal", "magcargo": "Illegal", "swinub": "LC", "piloswine": "ZU", "mamoswine": "UU", "corsola": "ZU", "corsolagalar": "NFE", "cursola": "ZU", "remoraid": "LC", "octillery": "ZU", "delibird": "ZU", "mantyke": "LC", "mantine": "NU", "skarmory": "UU", "houndour": "Illegal", "houndoom": "Illegal", "houndoommega": "Illegal", "phanpy": "Illegal", "donphan": "Illegal", "stantler": "Illegal", "smeargle": "Illegal", "miltank": "ZU", "raikou": "RU", "entei": "NUBL", "suicune": "RU", "larvitar": "LC", "pupitar": "NFE", "tyranitar": "OU", "tyranitarmega": "Illegal", "lugia": "Uber", "hooh": "Uber", "celebi": "RU", "treecko": "LC", "grovyle": "NFE", "sceptile": "PUBL", "sceptilemega": "Illegal", "torchic": "LC", "combusken": "NFE", "blaziken": "UUBL", "blazikenmega": "Illegal", "mudkip": "LC", "marshtomp": "NFE", "swampert": "UU", "swampertmega": "Illegal", "poochyena": "Illegal", "mightyena": "Illegal", "zigzagoon": "NFE", "zigzagoongalar": "LC", "linoone": "NUBL", "linoonegalar": "NFE", "obstagoon": "RUBL", "wurmple": "Illegal", "silcoon": "Illegal", "beautifly": "Illegal", "cascoon": "Illegal", "dustox": "Illegal", "lotad": "LC", "lombre": "NFE", "ludicolo": "ZU", "seedot": "LC", "nuzleaf": "NFE", "shiftry": "ZU", "taillow": "Illegal", "swellow": "Illegal", "wingull": "LC", "pelipper": "OU", "ralts": "LC", "kirlia": "NFE", "gardevoir": "RU", "gardevoirmega": "Illegal", "gallade": "PU", "gallademega": "Illegal", "surskit": "Illegal", "masquerain": "Illegal", "shroomish": "Illegal", "breloom": "Illegal", "slakoth": "Illegal", "vigoroth": "Illegal", "slaking": "Illegal", "nincada": "LC", "ninjask": "ZUBL", "shedinja": "ZU", "whismur": "LC", "loudred": "NFE", "exploud": "NU", "makuhita": "Illegal", "hariyama": "Illegal", "nosepass": "Illegal", "probopass": "Illegal", "skitty": "Illegal", "delcatty": "Illegal", "sableye": "ZU", "sableyemega": "Illegal", "mawile": "ZU", "mawilemega": "Illegal", "aron": "LC", "lairon": "NFE", "aggron": "PU", "aggronmega": "Illegal", "meditite": "Illegal", "medicham": "Illegal", "medichammega": "Illegal", "electrike": "LC", "manectric": "ZU", "manectricmega": "Illegal", "plusle": "Illegal", "minun": "Illegal", "volbeat": "Illegal", "illumise": "Illegal", "budew": "LC", "roselia": "NFE", "roserade": "RU", "gulpin": "Illegal", "swalot": "Illegal", "carvanha": "LC", "sharpedo": "RU", "sharpedomega": "Illegal", "wailmer": "LC", "wailord": "ZU", "numel": "Illegal", "camerupt": "Illegal", "cameruptmega": "Illegal", "torkoal": "UU", "spoink": "Illegal", "grumpig": "Illegal", "spinda": "Illegal", "trapinch": "LC", "vibrava": "NFE", "flygon": "RU", "cacnea": "Illegal", "cacturne": "Illegal", "swablu": "LC", "altaria": "ZU", "altariamega": "Illegal", "zangoose": "Illegal", "seviper": "Illegal", "lunatone": "ZU", "solrock": "ZU", "barboach": "LC", "whiscash": "ZU", "corphish": "LC", "crawdaunt": "UU", "baltoy": "LC", "claydol": "PU", "lileep": "LC", "cradily": "ZU", "anorith": "LC", "armaldo": "ZU", "feebas": "LC", "milotic": "RU", "castform": "Illegal", "castformsunny": null, "castformrainy": null, "castformsnowy": null, "kecleon": "Illegal", "shuppet": "Illegal", "banette": "Illegal", "banettemega": "Illegal", "duskull": "LC", "dusclops": "NFE", "dusknoir": "ZU", "tropius": "Illegal", "chingling": "Illegal", "chimecho": "Illegal", "absol": "PU", "absolmega": "Illegal", "snorunt": "LC", "glalie": "ZU", "glaliemega": "Illegal", "froslass": "ZU", "spheal": "LC", "sealeo": "NFE", "walrein": "ZU", "clamperl": "Illegal", "huntail": "Illegal", "gorebyss": "Illegal", "relicanth": "ZU", "luvdisc": "Illegal", "bagon": "LC", "shelgon": "NFE", "salamence": "UU", "salamencemega": "Illegal", "beldum": "LC", "metang": "NFE", "metagross": "RU", "metagrossmega": "Illegal", "regirock": "PU", "regice": "ZU", "registeel": "RU", "latias": "UUBL", "latiasmega": "Illegal", "latios": "UUBL", "latiosmega": "Illegal", "kyogre": "Uber", "kyogreprimal": "Illegal", "groudon": "Uber", "groudonprimal": "Illegal", "rayquaza": "Uber", "rayquazamega": "Illegal", "jirachi": "UU", "deoxys": "Illegal", "deoxysattack": "Illegal", "deoxysdefense": "Illegal", "deoxysspeed": "Illegal", "turtwig": "Illegal", "grotle": "Illegal", "torterra": "Illegal", "chimchar": "Illegal", "monferno": "Illegal", "infernape": "Illegal", "piplup": "Illegal", "prinplup": "Illegal", "empoleon": "Illegal", "starly": "Illegal", "staravia": "Illegal", "staraptor": "Illegal", "bidoof": "Illegal", "bibarel": "Illegal", "kricketot": "Illegal", "kricketune": "Illegal", "shinx": "LC", "luxio": "NFE", "luxray": "ZU", "cranidos": "Illegal", "rampardos": "Illegal", "shieldon": "Illegal", "bastiodon": "Illegal", "burmy": "Illegal", "wormadam": "Illegal", "wormadamsandy": "Illegal", "wormadamtrash": "Illegal", "mothim": "Illegal", "combee": "LC", "vespiquen": "ZU", "pachirisu": "Illegal", "buizel": "Illegal", "floatzel": "Illegal", "cherubi": "NFE", "cherrim": "ZU", "cherrimsunshine": null, "shellos": "LC", "gastrodon": "NU", "drifloon": "NFE", "drifblim": "ZU", "buneary": "LC", "lopunny": "ZU", "lopunnymega": "Illegal", "glameow": "Illegal", "purugly": "Illegal", "stunky": "LC", "skuntank": "ZU", "bronzor": "LC", "bronzong": "RU", "chatot": "Illegal", "spiritomb": "ZU", "gible": "LC", "gabite": "NFE", "garchomp": "OU", "garchompmega": "Illegal", "riolu": "LC", "lucario": "RU", "lucariomega": "Illegal", "hippopotas": "LC", "hippowdon": "UU", "skorupi": "LC", "drapion": "NU", "croagunk": "LC", "toxicroak": "NU", "carnivine": "Illegal", "finneon": "Illegal", "lumineon": "Illegal", "snover": "LC", "abomasnow": "ZU", "abomasnowmega": "Illegal", "rotom": "ZU", "rotomheat": "UU", "rotomwash": "UU", "rotomfrost": "ZUBL", "rotomfan": "ZU", "rotommow": "NU", "uxie": "ZU", "mesprit": "PU", "azelf": "UU", "dialga": "Uber", "dialgaorigin": "Illegal", "palkia": "Uber", "palkiaorigin": "Illegal", "heatran": "OU", "regigigas": "ZU", "giratina": "Uber", "giratinaorigin": "Uber", "cresselia": "NUBL", "phione": "Illegal", "manaphy": "Illegal", "darkrai": "Illegal", "shaymin": "Illegal", "shayminsky": "Illegal", "arceus": "Illegal", "arceusbug": null, "arceusdark": null, "arceusdragon": null, "arceuselectric": null, "arceusfairy": null, "arceusfighting": null, "arceusfire": null, "arceusflying": null, "arceusghost": null, "arceusgrass": null, "arceusground": null, "arceusice": null, "arceuspoison": null, "arceuspsychic": null, "arceusrock": null, "arceussteel": null, "arceuswater": null, "victini": "OU", "snivy": "Illegal", "servine": "Illegal", "serperior": "Illegal", "tepig": "Illegal", "pignite": "Illegal", "emboar": "Illegal", "oshawott": "Illegal", "dewott": "Illegal", "samurott": "Illegal", "samurotthisui": "Illegal", "patrat": "Illegal", "watchog": "Illegal", "lillipup": "LC", "herdier": "NFE", "stoutland": "ZU", "purrloin": "LC", "liepard": "ZU", "pansage": "Illegal", "simisage": "Illegal", "pansear": "Illegal", "simisear": "Illegal", "panpour": "Illegal", "simipour": "Illegal", "munna": "LC", "musharna": "ZU", "pidove": "LC", "tranquill": "NFE", "unfezant": "ZU", "blitzle": "Illegal", "zebstrika": "Illegal", "roggenrola": "LC", "boldore": "NFE", "gigalith": "PU", "woobat": "NFE", "swoobat": "ZU", "drilbur": "LC", "excadrill": "UU", "audino": "PU", "audinomega": "Illegal", "timburr": "LC", "gurdurr": "ZU", "conkeldurr": "UU", "tympole": "LC", "palpitoad": "NFE", "seismitoad": "RU", "throh": "ZU", "sawk": "ZU", "sewaddle": "Illegal", "swadloon": "Illegal", "leavanny": "Illegal", "venipede": "LC", "whirlipede": "NFE", "scolipede": "RUBL", "cottonee": "LC", "whimsicott": "PU", "petilil": "LC", "lilligant": "ZU", "lilliganthisui": "Illegal", "basculin": "ZUBL", "basculinbluestriped": "ZUBL", "basculinwhitestriped": "Illegal", "sandile": "LC", "krokorok": "NFE", "krookodile": "UU", "darumaka": "LC", "darumakagalar": "LC", "darmanitan": "UU", "darmanitanzen": "UU", "darmanitangalar": "Uber", "darmanitangalarzen": "Uber", "maractus": "ZU", "dwebble": "LC", "crustle": "ZU", "scraggy": "NFE", "scrafty": "PUBL", "sigilyph": "NUBL", "yamask": "LC", "yamaskgalar": "LC", "cofagrigus": "ZU", "runerigus": "ZU", "tirtouga": "LC", "carracosta": "ZU", "archen": "LC", "archeops": "PU", "trubbish": "LC", "garbodor": "PU", "garbodorgmax": "AG", "zorua": "LC", "zoruahisui": "Illegal", "zoroark": "PUBL", "zoroarkhisui": "Illegal", "minccino": "LC", "cinccino": "PU", "gothita": "NFE", "gothorita": "NFE", "gothitelle": "ZU", "solosis": "LC", "duosion": "NFE", "reuniclus": "RU", "ducklett": "Illegal", "swanna": "Illegal", "vanillite": "LC", "vanillish": "NFE", "vanilluxe": "PUBL", "deerling": "Illegal", "sawsbuck": "Illegal", "emolga": "ZU", "karrablast": "LC", "escavalier": "NU", "foongus": "LC", "amoonguss": "UU", "frillish": "LC", "jellicent": "PU", "alomomola": "Illegal", "joltik": "LC", "galvantula": "PU", "ferroseed": "PU", "ferrothorn": "OU", "klink": "LC", "klang": "NFE", "klinklang": "ZU", "tynamo": "Illegal", "eelektrik": "Illegal", "eelektross": "Illegal", "elgyem": "LC", "beheeyem": "ZU", "litwick": "LC", "lampent": "NFE", "chandelure": "RU", "axew": "LC", "fraxure": "NFE", "haxorus": "RUBL", "cubchoo": "LC", "beartic": "ZU", "cryogonal": "ZU", "shelmet": "LC", "accelgor": "ZU", "stunfisk": "ZU", "stunfiskgalar": "ZU", "mienfoo": "LC", "mienshao": "UUBL", "druddigon": "PU", "golett": "LC", "golurk": "NU", "pawniard": "LC", "bisharp": "OU", "bouffalant": "ZU", "rufflet": "NFE", "braviary": "NU", "braviaryhisui": "Illegal", "vullaby": "NFE", "mandibuzz": "UU", "heatmor": "ZU", "durant": "RUBL", "deino": "LC", "zweilous": "NFE", "hydreigon": "UU", "larvesta": "LC", "volcarona": "OU", "cobalion": "UU", "terrakion": "UUBL", "virizion": "PUBL", "tornadus": "NUBL", "tornadustherian": "OU", "thundurus": "UUBL", "thundurustherian": "UU", "reshiram": "Uber", "zekrom": "Uber", "landorus": "Uber", "landorustherian": "OU", "kyurem": "Uber", "kyuremblack": "Uber", "kyuremwhite": "Uber", "keldeo": "UU", "keldeoresolute": null, "meloetta": "Illegal", "meloettapirouette": null, "genesect": "Uber", "genesectburn": "Uber", "genesectchill": "Uber", "genesectdouse": "Uber", "genesectshock": "Uber", "chespin": "Illegal", "quilladin": "Illegal", "chesnaught": "Illegal", "fennekin": "Illegal", "braixen": "Illegal", "delphox": "Illegal", "froakie": "Illegal", "frogadier": "Illegal", "greninja": "Illegal", "greninjabond": "Illegal", "greninjaash": null, "bunnelby": "LC", "diggersby": "RUBL", "fletchling": "LC", "fletchinder": "NFE", "talonflame": "NU", "scatterbug": "Illegal", "spewpa": "Illegal", "vivillon": "Illegal", "vivillonfancy": null, "vivillonpokeball": null, "litleo": "Illegal", "pyroar": "Illegal", "flabebe": "Illegal", "floette": "Illegal", "floetteeternal": "Illegal", "florges": "Illegal", "skiddo": "Illegal", "gogoat": "Illegal", "pancham": "LC", "pangoro": "NUBL", "furfrou": "Illegal", "espurr": "LC", "meowstic": "ZU", "meowsticf": "ZU", "honedge": "LC", "doublade": "PU", "aegislash": "UUBL", "aegislashblade": "UUBL", "spritzee": "LC", "aromatisse": "PU", "swirlix": "NFE", "slurpuff": "NUBL", "inkay": "LC", "malamar": "ZUBL", "binacle": "LC", "barbaracle": "NUBL", "skrelp": "LC", "dragalge": "NUBL", "clauncher": "LC", "clawitzer": "PUBL", "helioptile": "LC", "heliolisk": "NU", "tyrunt": "LC", "tyrantrum": "NU", "amaura": "LC", "aurorus": "ZUBL", "hawlucha": "UUBL", "dedenne": "ZU", "carbink": "ZU", "goomy": "LC", "sliggoo": "NFE", "sliggoohisui": "Illegal", "goodra": "NUBL", "goodrahisui": "Illegal", "klefki": "RU", "phantump": "LC", "trevenant": "ZU", "pumpkaboo": "LC", "pumpkaboosmall": "LC", "pumpkaboolarge": "LC", "pumpkaboosuper": "LC", "gourgeist": "ZU", "gourgeistsmall": "ZU", "gourgeistlarge": "ZU", "gourgeistsuper": "ZU", "bergmite": "LC", "avalugg": "ZU", "avalugghisui": "Illegal", "noibat": "LC", "noivern": "RU", "xerneas": "Uber", "xerneasneutral": "Illegal", "yveltal": "Uber", "zygarde": "Uber", "zygarde10": "UU", "zygardecomplete": "Uber", "diancie": "NU", "dianciemega": "Illegal", "hoopa": "Illegal", "hoopaunbound": "Illegal", "volcanion": "OU", "rowlet": "LC", "dartrix": "NFE", "decidueye": "NU", "decidueyehisui": "Illegal", "litten": "LC", "torracat": "NFE", "incineroar": "RU", "popplio": "LC", "brionne": "NFE", "primarina": "UU", "pikipek": "Illegal", "trumbeak": "Illegal", "toucannon": "Illegal", "yungoos": "Illegal", "gumshoos": "Illegal", "gumshoostotem": "Illegal", "grubbin": "LC", "charjabug": "NFE", "vikavolt": "ZUBL", "vikavolttotem": "Illegal", "crabrawler": "Illegal", "crabominable": "Illegal", "oricorio": "Illegal", "oricoriopompom": "Illegal", "oricoriopau": "Illegal", "oricoriosensu": "Illegal", "cutiefly": "NFE", "ribombee": "PU", "ribombeetotem": "Illegal", "rockruff": "LC", "rockruffdusk": "LC", "lycanroc": "PU", "lycanrocmidnight": "ZU", "lycanrocdusk": "UU", "wishiwashi": "PU", "wishiwashischool": null, "mareanie": "LC", "toxapex": "OU", "mudbray": "LC", "mudsdale": "NU", "dewpider": "LC", "araquanid": "PUBL", "araquanidtotem": "Illegal", "fomantis": "LC", "lurantis": "ZU", "lurantistotem": "Illegal", "morelull": "LC", "shiinotic": "ZU", "salandit": "LC", "salazzle": "NU", "salazzletotem": "Illegal", "stufful": "LC", "bewear": "NUBL", "bounsweet": "LC", "steenee": "NFE", "tsareena": "NU", "comfey": "PU", "oranguru": "ZU", "passimian": "NU", "wimpod": "LC", "golisopod": "RU", "sandygast": "LC", "palossand": "ZU", "pyukumuku": "ZU", "typenull": "NFE", "silvally": "ZU", "silvallybug": "ZU", "silvallydark": "ZU", "silvallydragon": "ZUBL", "silvallyelectric": "ZU", "silvallyfairy": "PU", "silvallyfighting": "ZU", "silvallyfire": "ZU", "silvallyflying": "ZU", "silvallyghost": "PU", "silvallygrass": "ZU", "silvallyground": "NU", "silvallyice": "ZU", "silvallypoison": "ZU", "silvallypsychic": "ZU", "silvallyrock": "ZU", "silvallysteel": "PU", "silvallywater": "ZU", "minior": "Illegal", "miniormeteor": null, "komala": "Illegal", "turtonator": "ZUBL", "togedemaru": "PU", "togedemarutotem": "Illegal", "mimikyu": "RU", "mimikyutotem": "Illegal", "mimikyubustedtotem": "Illegal", "bruxish": "Illegal", "drampa": "PUBL", "dhelmise": "NU", "jangmoo": "LC", "hakamoo": "NFE", "kommoo": "UUBL", "kommoototem": "Illegal", "tapukoko": "OU", "tapulele": "OU", "tapubulu": "UU", "tapufini": "OU", "cosmog": "LC", "cosmoem": "NFE", "solgaleo": "Uber", "lunala": "Uber", "nihilego": "UU", "buzzwole": "OU", "pheromosa": "Uber", "xurkitree": "RU", "celesteela": "UU", "kartana": "OU", "guzzlord": "PUBL", "necrozma": "RUBL", "necrozmaduskmane": "Uber", "necrozmadawnwings": "Uber", "necrozmaultra": "Illegal", "magearna": "Uber", "magearnaoriginal": null, "marshadow": "Uber", "poipole": "NFE", "naganadel": "Uber", "stakataka": "NU", "blacephalon": "OU", "zeraora": "OU", "meltan": "ZU", "melmetal": "OU", "melmetalgmax": "AG", "grookey": "LC", "thwackey": "ZU", "rillaboom": "OU", "rillaboomgmax": "AG", "scorbunny": "LC", "raboot": "NFE", "cinderace": "Uber", "cinderacegmax": "AG", "sobble": "LC", "drizzile": "NFE", "inteleon": "PUBL", "inteleongmax": "AG", "skwovet": "LC", "greedent": "ZU", "rookidee": "LC", "corvisquire": "NFE", "corviknight": "OU", "corviknightgmax": "AG", "blipbug": "LC", "dottler": "NFE", "orbeetle": "ZU", "orbeetlegmax": "AG", "nickit": "LC", "thievul": "ZU", "gossifleur": "LC", "eldegoss": "PU", "wooloo": "LC", "dubwool": "ZU", "chewtle": "LC", "drednaw": "ZU", "drednawgmax": "AG", "yamper": "LC", "boltund": "ZU", "rolycoly": "LC", "carkol": "NFE", "coalossal": "ZU", "coalossalgmax": "AG", "applin": "LC", "flapple": "ZU", "flapplegmax": "AG", "appletun": "ZU", "appletungmax": "AG", "silicobra": "LC", "sandaconda": "PU", "sandacondagmax": "AG", "cramorant": "ZU", "cramorantgulping": "ZU", "cramorantgorging": "ZU", "arrokuda": "LC", "barraskewda": "OU", "toxel": "LC", "toxtricity": "RU", "toxtricitylowkey": "RU", "toxtricitygmax": "AG", "toxtricitylowkeygmax": "AG", "sizzlipede": "LC", "centiskorch": "ZUBL", "centiskorchgmax": "AG", "clobbopus": "LC", "grapploct": "ZU", "sinistea": "LC", "sinisteaantique": "LC", "polteageist": "RU", "hatenna": "LC", "hattrem": "NFE", "hatterene": "UU", "hatterenegmax": "AG", "impidimp": "LC", "morgrem": "NFE", "grimmsnarl": "NU", "grimmsnarlgmax": "AG", "milcery": "LC", "alcremie": "ZU", "alcremiegmax": "AG", "falinks": "ZU", "pincurchin": "ZU", "snom": "LC", "frosmoth": "PU", "stonjourner": "ZU", "eiscue": "ZU", "indeedee": "NUBL", "indeedeef": "NUBL", "morpeko": "ZU", "morpekohangry": "ZU", "cufant": "LC", "copperajah": "NU", "copperajahgmax": "AG", "dracozolt": "UUBL", "arctozolt": "UUBL", "dracovish": "Uber", "arctovish": "ZUBL", "duraludon": "PUBL", "duraludongmax": "AG", "dreepy": "LC", "drakloak": "NFE", "dragapult": "OU", "zacian": "AG", "zaciancrowned": "AG", "zamazenta": "Uber", "zamazentacrowned": "Uber", "eternatus": "Uber", "eternatuseternamax": "Illegal", "kubfu": "NFE", "urshifu": "Uber", "urshifurapidstrike": "OU", "urshifugmax": "AG", "urshifurapidstrikegmax": "AG", "zarude": "UU", "zarudedada": null, "regieleki": "UU", "regidrago": "NUBL", "glastrier": "ZUBL", "spectrier": "Uber", "calyrex": "ZU", "calyrexice": "Uber", "calyrexshadow": "Uber", "wyrdeer": "Illegal", "kleavor": "Illegal", "ursaluna": "Illegal", "basculegion": "Illegal", "basculegionf": "Illegal", "sneasler": "Illegal", "overqwil": "Illegal", "enamorus": "Illegal", "enamorustherian": "Illegal", "missingno": "Illegal", "syclar": "CAP LC", "syclant": "CAP", "revenankh": "CAP", "embirch": "CAP LC", "flarelm": "CAP NFE", "pyroak": "CAP", "breezi": "CAP LC", "fidgit": "CAP", "rebble": "CAP LC", "tactite": "CAP NFE", "stratagem": "CAP", "privatyke": "CAP LC", "arghonaut": "CAP", "nohface": "CAP LC", "kitsunoh": "CAP", "monohm": "CAP LC", "duohm": "CAP NFE", "cyclohm": "CAP", "dorsoil": "CAP LC", "colossoil": "CAP", "protowatt": "CAP LC", "krilowatt": "CAP", "voodoll": "CAP LC", "voodoom": "CAP", "scratchet": "CAP LC", "tomohawk": "CAP", "necturine": "CAP LC", "necturna": "CAP", "mollux": "CAP", "cupra": "CAP LC", "argalis": "CAP NFE", "aurumoth": "CAP", "brattler": "CAP LC", "malaconda": "CAP", "cawdet": "CAP LC", "cawmodore": "CAP", "volkritter": "CAP LC", "volkraken": "CAP", "snugglow": "CAP LC", "plasmanta": "CAP", "floatoy": "CAP LC", "caimanoe": "CAP NFE", "naviathan": "CAP", "crucibelle": "CAP", "crucibellemega": "CAP", "pluffle": "CAP LC", "kerfluffle": "CAP", "pajantom": "CAP", "mumbao": "CAP LC", "jumbao": "CAP", "fawnifer": "CAP LC", "electrelk": "CAP NFE", "caribolt": "CAP", "smogecko": "CAP LC", "smoguana": "CAP NFE", "smokomodo": "CAP", "swirlpool": "CAP LC", "coribalis": "CAP NFE", "snaelstrom": "CAP", "justyke": "CAP LC", "equilibra": "CAP", "solotl": "CAP LC", "astrolotl": "CAP", "miasmite": "CAP LC", "miasmaw": "CAP", "chromera": "CAP", "venomicon": "CAP", "venomiconepilogue": "CAP", "saharaja": "CAP", "pokestarsmeargle": "Illegal", "pokestarufo": "Illegal", "pokestarufo2": "Illegal", "pokestarbrycenman": "Illegal", "pokestarmt": "Illegal", "pokestarmt2": "Illegal", "pokestartransport": "Illegal", "pokestargiant": "Illegal", "pokestargiant2": "Illegal", "pokestarhumanoid": "Illegal", "pokestarmonster": "Illegal", "pokestarf00": "Illegal", "pokestarf002": "Illegal", "pokestarspirit": "Illegal", "pokestarblackdoor": "Illegal", "pokestarwhitedoor": "Illegal", "pokestarblackbelt": "Illegal", "pokestargiantpropo2": "Illegal", "pokestarufopropu2": "Illegal"}