{"bulbasaur": "LC", "ivysaur": "NFE", "venusaur": "NU", "venusaurmega": "Illegal", "venusaurgmax": "Illegal", "charmander": "LC", "charmeleon": "NFE", "charizard": "PU", "charizardmegax": "Illegal", "charizardmegay": "Illegal", "charizardgmax": "Illegal", "squirtle": "LC", "wartortle": "NFE", "blastoise": "RU", "blastoisemega": "Illegal", "blastoisegmax": "Illegal", "caterpie": "Illegal", "metapod": "Illegal", "butterfree": "Illegal", "butterfreegmax": "Illegal", "weedle": "Illegal", "kakuna": "Illegal", "beedrill": "Illegal", "beedrillmega": "Illegal", "pidgey": "Illegal", "pidgeotto": "Illegal", "pidgeot": "Illegal", "pidgeotmega": "Illegal", "rattata": "Illegal", "rattataalola": "Illegal", "raticate": "Illegal", "raticatealola": "Illegal", "raticatealolatotem": "Illegal", "spearow": "Illegal", "fearow": "Illegal", "ekans": "LC", "arbok": "ZU", "pichu": "LC", "pichuspikyeared": "Illegal", "pikachu": "ZU", "pikachucosplay": "Illegal", "pikachurockstar": "Illegal", "pikachubelle": "Illegal", "pikachupopstar": "Illegal", "pikachuphd": "Illegal", "pikachulibre": "Illegal", "pikachuoriginal": "ZU", "pikachuhoenn": "ZU", "pikachusinnoh": "ZU", "pikachuunova": "ZU", "pikachukalos": "ZU", "pikachualola": "ZU", "pikachupartner": "ZU", "pikachustarter": "Illegal", "pikachugmax": "Illegal", "pikachuworld": "ZU", "raichu": "ZU", "raichualola": "ZU", "sandshrew": "LC", "sandshrewalola": "LC", "sandslash": "PU", "sandslashalola": "PU", "nidoranf": "Illegal", "nidorina": "Illegal", "nidoqueen": "Illegal", "nidoranm": "Illegal", "nidorino": "Illegal", "nidoking": "Illegal", "cleffa": "LC", "clefairy": "NFE", "clefable": "OU", "vulpix": "ZU", "vulpixalola": "NFE", "ninetales": "NU", "ninetalesalola": "UU", "igglybuff": "LC", "jigglypuff": "NFE", "wigglytuff": "ZU", "zubat": "Illegal", "golbat": "Illegal", "crobat": "Illegal", "oddish": "LC", "gloom": "NFE", "vileplume": "NU", "bellossom": "ZU", "paras": "Illegal", "parasect": "Illegal", "venonat": "LC", "venomoth": "ZU", "diglett": "NFE", "diglettalola": "LC", "dugtrio": "ZU", "dugtrioalola": "ZU", "meowth": "LC", "meowthalola": "LC", "meowthgalar": "LC", "meowthgmax": "Illegal", "persian": "ZU", "persianalola": "ZU", "perrserker": "ZU", "psyduck": "LC", "golduck": "ZU", "mankey": "LC", "primeape": "ZU", "growlithe": "LC", "growlithehisui": "LC", "arcanine": "NU", "arcaninehisui": "UU", "poliwag": "LC", "poliwhirl": "NFE", "poliwrath": "PU", "politoed": "RU", "abra": "Illegal", "kadabra": "Illegal", "alakazam": "Illegal", "alakazammega": "Illegal", "machop": "Illegal", "machoke": "Illegal", "machamp": "Illegal", "machampgmax": "Illegal", "bellsprout": "LC", "weepinbell": "NFE", "victreebel": "ZU", "tentacool": "LC", "tentacruel": "NU", "geodude": "LC", "geodudealola": "LC", "graveler": "NFE", "graveleralola": "NFE", "golem": "ZU", "golemalola": "ZU", "ponyta": "Illegal", "ponytagalar": "Illegal", "rapidash": "Illegal", "rapidashgalar": "Illegal", "slowpoke": "LC", "slowpokegalar": "LC", "slowbro": "NU", "slowbromega": "Illegal", "slowbrogalar": "NU", "slowking": "UU", "slowkinggalar": "OU", "magnemite": "LC", "magneton": "ZU", "magnezone": "NU", "farfetchd": "Illegal", "farfetchdgalar": "Illegal", "sirfetchd": "Illegal", "doduo": "LC", "dodrio": "ZU", "seel": "LC", "dewgong": "ZU", "grimer": "LC", "grimeralola": "LC", "muk": "ZU", "mukalola": "NU", "shellder": "LC", "cloyster": "NUBL", "gastly": "LC", "haunter": "ZU", "gengar": "RU", "gengarmega": "Illegal", "gengargmax": "Illegal", "onix": "Illegal", "steelix": "Illegal", "steelixmega": "Illegal", "drowzee": "LC", "hypno": "ZU", "krabby": "Illegal", "kingler": "Illegal", "kinglergmax": "Illegal", "voltorb": "LC", "voltorbhisui": "LC", "electrode": "ZU", "electrodehisui": "PU", "exeggcute": "LC", "exeggutor": "ZU", "exeggutoralola": "PU", "cubone": "Illegal", "marowak": "Illegal", "marowakalola": "Illegal", "marowakalolatotem": "Illegal", "tyrogue": "LC", "hitmonlee": "NU", "hitmonchan": "PU", "hitmontop": "NU", "lickitung": "Illegal", "lickilicky": "Illegal", "koffing": "LC", "weezing": "PU", "weezinggalar": "UU", "rhyhorn": "LC", "rhydon": "PU", "rhyperior": "NU", "happiny": "LC", "chansey": "NU", "blissey": "OU", "tangela": "Illegal", "tangrowth": "Illegal", "kangaskhan": "Illegal", "kangaskhanmega": "Illegal", "horsea": "LC", "seadra": "NFE", "kingdra": "NU", "goldeen": "Illegal", "seaking": "Illegal", "staryu": "Illegal", "starmie": "Illegal", "mimejr": "Illegal", "mrmime": "Illegal", "mrmimegalar": "Illegal", "mrrime": "Illegal", "scyther": "PU", "scizor": "UU", "scizormega": "Illegal", "kleavor": "RU", "smoochum": "Illegal", "jynx": "Illegal", "elekid": "LC", "electabuzz": "ZU", "electivire": "PU", "magby": "LC", "magmar": "NFE", "magmortar": "ZU", "pinsir": "Illegal", "pinsirmega": "Illegal", "tauros": "ZU", "taurospaldeacombat": "ZU", "taurospaldeablaze": "PUBL", "taurospaldeaaqua": "NU", "magikarp": "LC", "gyarados": "NU", "gyaradosmega": "Illegal", "lapras": "PU", "laprasgmax": "Illegal", "ditto": "ZU", "eevee": "LC", "eeveestarter": "Illegal", "eeveegmax": "Illegal", "vaporeon": "NU", "jolteon": "PU", "flareon": "ZU", "espeon": "NU", "umbreon": "NU", "leafeon": "ZU", "glaceon": "ZU", "sylveon": "NU", "porygon": "NFE", "porygon2": "PU", "porygonz": "NU", "omanyte": "Illegal", "omastar": "Illegal", "kabuto": "Illegal", "kabutops": "Illegal", "aerodactyl": "Illegal", "aerodactylmega": "Illegal", "munchlax": "LC", "snorlax": "PU", "snorlaxgmax": "Illegal", "articuno": "ZU", "articunogalar": "PUBL", "zapdos": "UU", "zapdosgalar": "RU", "moltres": "RU", "moltresgalar": "UUBL", "dratini": "LC", "dragonair": "NFE", "dragonite": "OU", "mewtwo": "Uber", "mewtwomegax": "Illegal", "mewtwomegay": "Illegal", "mew": "NU", "chikorita": "LC", "bayleef": "NFE", "meganium": "ZU", "cyndaquil": "LC", "quilava": "NFE", "typhlosion": "PU", "typhlosionhisui": "NU", "totodile": "LC", "croconaw": "NFE", "feraligatr": "RU", "sentret": "LC", "furret": "ZU", "hoothoot": "LC", "noctowl": "ZU", "ledyba": "Illegal", "ledian": "Illegal", "spinarak": "LC", "ariados": "ZU", "chinchou": "LC", "lanturn": "PU", "togepi": "Illegal", "togetic": "Illegal", "togekiss": "Illegal", "natu": "Illegal", "xatu": "Illegal", "mareep": "LC", "flaaffy": "NFE", "ampharos": "ZU", "ampharosmega": "Illegal", "azurill": "LC", "marill": "NFE", "azumarill": "UU", "bonsly": "LC", "sudowoodo": "ZU", "hoppip": "LC", "skiploom": "NFE", "jumpluff": "ZU", "aipom": "NFE", "ambipom": "NU", "sunkern": "LC", "sunflora": "ZU", "yanma": "NFE", "yanmega": "RU", "wooper": "LC", "wooperpaldea": "LC", "quagsire": "NU", "murkrow": "NFE", "honchkrow": "ZU", "misdreavus": "ZU", "mismagius": "PU", "unown": "Illegal", "wynaut": "Illegal", "wobbuffet": "Illegal", "girafarig": "NFE", "farigiraf": "ZU", "pineco": "LC", "forretress": "RU", "dunsparce": "NFE", "dudunsparce": "PU", "gligar": "NU", "gliscor": "OU", "snubbull": "LC", "granbull": "ZU", "qwilfish": "NU", "qwilfishhisui": "PU", "overqwil": "NU", "shuckle": "Illegal", "heracross": "NU", "heracrossmega": "Illegal", "sneasel": "ZU", "sneaselhisui": "ZU", "weavile": "OU", "sneasler": "Uber", "teddiursa": "LC", "ursaring": "ZU", "ursaluna": "UU", "ursalunabloodmoon": "Uber", "slugma": "LC", "magcargo": "ZU", "swinub": "LC", "piloswine": "ZU", "mamoswine": "UU", "corsola": "Illegal", "corsolagalar": "Illegal", "cursola": "Illegal", "remoraid": "Illegal", "octillery": "Illegal", "delibird": "ZU", "mantyke": "Illegal", "mantine": "Illegal", "skarmory": "OU", "houndour": "LC", "houndoom": "ZU", "houndoommega": "Illegal", "phanpy": "LC", "donphan": "UU", "stantler": "NFE", "wyrdeer": "ZU", "smeargle": "NU", "miltank": "Illegal", "raikou": "NU", "entei": "RU", "suicune": "NU", "larvitar": "LC", "pupitar": "NFE", "tyranitar": "UU", "tyranitarmega": "Illegal", "lugia": "Uber", "hooh": "Uber", "celebi": "Illegal", "treecko": "LC", "grovyle": "NFE", "sceptile": "PU", "sceptilemega": "Illegal", "torchic": "LC", "combusken": "ZU", "blaziken": "UUBL", "blazikenmega": "Illegal", "mudkip": "LC", "marshtomp": "NFE", "swampert": "NU", "swampertmega": "Illegal", "poochyena": "LC", "mightyena": "ZU", "zigzagoon": "Illegal", "zigzagoongalar": "Illegal", "linoone": "Illegal", "linoonegalar": "Illegal", "obstagoon": "Illegal", "wurmple": "Illegal", "silcoon": "Illegal", "beautifly": "Illegal", "cascoon": "Illegal", "dustox": "Illegal", "lotad": "LC", "lombre": "NFE", "ludicolo": "ZU", "seedot": "LC", "nuzleaf": "NFE", "shiftry": "ZU", "taillow": "Illegal", "swellow": "Illegal", "wingull": "LC", "pelipper": "OU", "ralts": "LC", "kirlia": "NFE", "gardevoir": "RU", "gardevoirmega": "Illegal", "gallade": "NU", "gallademega": "Illegal", "surskit": "LC", "masquerain": "ZU", "shroomish": "LC", "breloom": "RU", "slakoth": "LC", "vigoroth": "NFE", "slaking": "ZU", "nincada": "Illegal", "ninjask": "Illegal", "shedinja": "Illegal", "whismur": "Illegal", "loudred": "Illegal", "exploud": "Illegal", "makuhita": "LC", "hariyama": "PU", "nosepass": "LC", "probopass": "ZU", "skitty": "Illegal", "delcatty": "Illegal", "sableye": "ZU", "sableyemega": "Illegal", "mawile": "Illegal", "mawilemega": "Illegal", "aron": "Illegal", "lairon": "Illegal", "aggron": "Illegal", "aggronmega": "Illegal", "meditite": "NFE", "medicham": "ZU", "medichammega": "Illegal", "electrike": "Illegal", "manectric": "Illegal", "manectricmega": "Illegal", "plusle": "ZU", "minun": "ZU", "volbeat": "ZU", "illumise": "ZU", "budew": "Illegal", "roselia": "Illegal", "roserade": "Illegal", "gulpin": "LC", "swalot": "ZU", "carvanha": "Illegal", "sharpedo": "Illegal", "sharpedomega": "Illegal", "wailmer": "Illegal", "wailord": "Illegal", "numel": "LC", "camerupt": "ZU", "cameruptmega": "Illegal", "torkoal": "OU", "spoink": "LC", "grumpig": "ZU", "spinda": "Illegal", "trapinch": "LC", "vibrava": "NFE", "flygon": "NU", "cacnea": "LC", "cacturne": "ZU", "swablu": "LC", "altaria": "NU", "altariamega": "Illegal", "zangoose": "ZU", "seviper": "ZU", "lunatone": "Illegal", "solrock": "Illegal", "barboach": "LC", "whiscash": "ZU", "corphish": "LC", "crawdaunt": "RU", "baltoy": "Illegal", "claydol": "Illegal", "lileep": "Illegal", "cradily": "Illegal", "anorith": "Illegal", "armaldo": "Illegal", "feebas": "LC", "milotic": "NU", "castform": "Illegal", "castformsunny": null, "castformrainy": null, "castformsnowy": null, "kecleon": "Illegal", "shuppet": "LC", "banette": "ZU", "banettemega": "Illegal", "duskull": "LC", "dusclops": "NFE", "dusknoir": "ZU", "tropius": "ZU", "chingling": "LC", "chimecho": "ZU", "absol": "Illegal", "absolmega": "Illegal", "snorunt": "LC", "glalie": "ZU", "glaliemega": "Illegal", "froslass": "PU", "spheal": "Illegal", "sealeo": "Illegal", "walrein": "Illegal", "clamperl": "Illegal", "huntail": "Illegal", "gorebyss": "Illegal", "relicanth": "Illegal", "luvdisc": "ZU", "bagon": "LC", "shelgon": "NFE", "salamence": "RU", "salamencemega": "Illegal", "beldum": "LC", "metang": "NFE", "metagross": "UU", "metagrossmega": "Illegal", "regirock": "PU", "regice": "ZU", "registeel": "NU", "latias": "UUBL", "latiasmega": "Illegal", "latios": "UU", "latiosmega": "Illegal", "kyogre": "Uber", "kyogreprimal": "Illegal", "groudon": "Uber", "groudonprimal": "Illegal", "rayquaza": "Uber", "rayquazamega": "Illegal", "jirachi": "UU", "deoxys": "Uber", "deoxysattack": "Uber", "deoxysdefense": "RU", "deoxysspeed": "UU", "turtwig": "LC", "grotle": "NFE", "torterra": "NU", "chimchar": "LC", "monferno": "NFE", "infernape": "NU", "piplup": "LC", "prinplup": "NFE", "empoleon": "RU", "starly": "LC", "staravia": "NFE", "staraptor": "NU", "bidoof": "Illegal", "bibarel": "Illegal", "kricketot": "LC", "kricketune": "ZU", "shinx": "LC", "luxio": "NFE", "luxray": "ZU", "cranidos": "LC", "rampardos": "PU", "shieldon": "LC", "bastiodon": "PU", "burmy": "Illegal", "wormadam": "Illegal", "wormadamsandy": "Illegal", "wormadamtrash": "Illegal", "mothim": "Illegal", "combee": "LC", "vespiquen": "ZU", "pachirisu": "ZU", "buizel": "LC", "floatzel": "PU", "cherubi": "Illegal", "cherrim": "Illegal", "cherrimsunshine": null, "shellos": "LC", "gastrodon": "NU", "drifloon": "LC", "drifblim": "NU", "buneary": "Illegal", "lopunny": "Illegal", "lopunnymega": "Illegal", "glameow": "Illegal", "purugly": "Illegal", "stunky": "LC", "skuntank": "PU", "bronzor": "LC", "bronzong": "PU", "chatot": "Illegal", "spiritomb": "ZU", "gible": "LC", "gabite": "NFE", "garchomp": "UU", "garchompmega": "Illegal", "riolu": "LC", "lucario": "NU", "lucariomega": "Illegal", "hippopotas": "LC", "hippowdon": "RU", "skorupi": "Illegal", "drapion": "Illegal", "croagunk": "LC", "toxicroak": "PU", "carnivine": "Illegal", "finneon": "LC", "lumineon": "ZU", "snover": "LC", "abomasnow": "PU", "abomasnowmega": "Illegal", "rotom": "PU", "rotomheat": "NU", "rotomwash": "UU", "rotomfrost": "ZU", "rotomfan": "ZU", "rotommow": "PU", "uxie": "PU", "mesprit": "PU", "azelf": "RU", "dialga": "Uber", "dialgaorigin": "Uber", "palkia": "Uber", "palkiaorigin": "Uber", "heatran": "OU", "regigigas": "ZU", "giratina": "Uber", "giratinaorigin": "Uber", "cresselia": "RU", "phione": "ZU", "manaphy": "RUBL", "darkrai": "OU", "shaymin": "ZU", "shayminsky": "Uber", "arceus": "Uber", "victini": "Illegal", "snivy": "NFE", "servine": "ZU", "serperior": "OU", "tepig": "LC", "pignite": "NFE", "emboar": "NU", "oshawott": "LC", "dewott": "NFE", "samurott": "ZU", "samurotthisui": "OU", "patrat": "Illegal", "watchog": "Illegal", "lillipup": "Illegal", "herdier": "Illegal", "stoutland": "Illegal", "purrloin": "Illegal", "liepard": "Illegal", "pansage": "Illegal", "simisage": "Illegal", "pansear": "Illegal", "simisear": "Illegal", "panpour": "Illegal", "simipour": "Illegal", "munna": "Illegal", "musharna": "Illegal", "pidove": "Illegal", "tranquill": "Illegal", "unfezant": "Illegal", "blitzle": "LC", "zebstrika": "ZU", "roggenrola": "Illegal", "boldore": "Illegal", "gigalith": "Illegal", "woobat": "Illegal", "swoobat": "Illegal", "drilbur": "LC", "excadrill": "UU", "audino": "Illegal", "audinomega": "Illegal", "timburr": "LC", "gurdurr": "ZU", "conkeldurr": "RU", "tympole": "Illegal", "palpitoad": "Illegal", "seismitoad": "Illegal", "throh": "Illegal", "sawk": "Illegal", "sewaddle": "LC", "swadloon": "NFE", "leavanny": "ZU", "venipede": "Illegal", "whirlipede": "Illegal", "scolipede": "Illegal", "cottonee": "LC", "whimsicott": "PU", "petilil": "LC", "lilligant": "ZU", "lilliganthisui": "NUBL", "basculin": "ZU", "basculegion": "NU", "basculegionf": "RU", "sandile": "LC", "krokorok": "NFE", "krookodile": "NU", "darumaka": "Illegal", "darumakagalar": "Illegal", "darmanitan": "Illegal", "darmanitanzen": null, "darmanitangalar": "Illegal", "darmanitangalarzen": null, "maractus": "Illegal", "dwebble": "Illegal", "crustle": "Illegal", "scraggy": "NFE", "scrafty": "NU", "sigilyph": "Illegal", "yamask": "Illegal", "yamaskgalar": "Illegal", "cofagrigus": "Illegal", "runerigus": "Illegal", "tirtouga": "Illegal", "carracosta": "Illegal", "archen": "Illegal", "archeops": "Illegal", "trubbish": "Illegal", "garbodor": "Illegal", "garbodorgmax": "Illegal", "zorua": "LC", "zoruahisui": "LC", "zoroark": "PUBL", "zoroarkhisui": "RU", "minccino": "LC", "cinccino": "RU", "gothita": "LC", "gothorita": "NFE", "gothitelle": "ZU", "solosis": "LC", "duosion": "ZU", "reuniclus": "NU", "ducklett": "LC", "swanna": "ZU", "vanillite": "Illegal", "vanillish": "Illegal", "vanilluxe": "Illegal", "deerling": "LC", "sawsbuck": "ZU", "emolga": "Illegal", "karrablast": "Illegal", "escavalier": "Illegal", "foongus": "LC", "amoonguss": "RU", "frillish": "Illegal", "jellicent": "Illegal", "alomomola": "OU", "joltik": "LC", "galvantula": "NU", "ferroseed": "Illegal", "ferrothorn": "Illegal", "klink": "Illegal", "klang": "Illegal", "klinklang": "Illegal", "tynamo": "LC", "eelektrik": "NFE", "eelektross": "ZU", "elgyem": "Illegal", "beheeyem": "Illegal", "litwick": "LC", "lampent": "NFE", "chandelure": "NU", "axew": "LC", "fraxure": "NFE", "haxorus": "RUBL", "cubchoo": "LC", "beartic": "ZU", "cryogonal": "ZU", "shelmet": "Illegal", "accelgor": "Illegal", "stunfisk": "Illegal", "stunfiskgalar": "Illegal", "mienfoo": "LC", "mienshao": "NU", "druddigon": "Illegal", "golett": "LC", "golurk": "NU", "pawniard": "LC", "bisharp": "RU", "bouffalant": "Illegal", "rufflet": "NFE", "braviary": "ZU", "braviaryhisui": "PU", "vullaby": "ZU", "mandibuzz": "UU", "heatmor": "Illegal", "durant": "Illegal", "deino": "LC", "zweilous": "NFE", "hydreigon": "RUBL", "larvesta": "LC", "volcarona": "OU", "cobalion": "RU", "terrakion": "RU", "virizion": "PU", "tornadus": "PUBL", "tornadustherian": "UU", "thundurus": "NU", "thundurustherian": "RU", "reshiram": "Uber", "zekrom": "Uber", "landorus": "Uber", "landorustherian": "OU", "kyurem": "OU", "kyuremblack": "Uber", "kyuremwhite": "Uber", "keldeo": "UU", "meloetta": "NU", "genesect": "Illegal", "genesectburn": "Illegal", "genesectchill": "Illegal", "genesectdouse": "Illegal", "genesectshock": "Illegal", "chespin": "LC", "quilladin": "NFE", "chesnaught": "RU", "fennekin": "LC", "braixen": "NFE", "delphox": "NU", "froakie": "LC", "frogadier": "ZU", "greninja": "UU", "greninjaash": "Illegal", "bunnelby": "Illegal", "diggersby": "Illegal", "fletchling": "LC", "fletchinder": "NFE", "talonflame": "NU", "scatterbug": "LC", "spewpa": "NFE", "vivillon": "ZU", "litleo": "LC", "pyroar": "ZU", "flabebe": "LC", "floette": "NFE", "floetteeternal": "Illegal", "florges": "NU", "skiddo": "LC", "gogoat": "ZU", "pancham": "Illegal", "pangoro": "Illegal", "furfrou": "Illegal", "espurr": "LC", "meowstic": "ZU", "honedge": "Illegal", "doublade": "Illegal", "aegislash": "Illegal", "aegislashblade": null, "spritzee": "Illegal", "aromatisse": "Illegal", "swirlix": "Illegal", "slurpuff": "Illegal", "inkay": "LC", "malamar": "PU", "binacle": "Illegal", "barbaracle": "Illegal", "skrelp": "LC", "dragalge": "NU", "clauncher": "LC", "clawitzer": "PU", "helioptile": "Illegal", "heliolisk": "Illegal", "tyrunt": "Illegal", "tyrantrum": "Illegal", "amaura": "Illegal", "aurorus": "Illegal", "hawlucha": "UU", "dedenne": "ZU", "carbink": "ZU", "goomy": "LC", "sliggoo": "NFE", "sliggoohisui": "NFE", "goodra": "NU", "goodrahisui": "UU", "klefki": "NU", "phantump": "LC", "trevenant": "ZU", "pumpkaboo": "Illegal", "pumpkaboosmall": null, "pumpkaboolarge": null, "pumpkaboosuper": null, "gourgeist": "Illegal", "gourgeistsmall": null, "gourgeistlarge": null, "gourgeistsuper": null, "bergmite": "LC", "avalugg": "NU", "avalugghisui": "ZU", "noibat": "LC", "noivern": "NU", "xerneas": "Illegal", "xerneasneutral": "Illegal", "yveltal": "Illegal", "zygarde": "Illegal", "zygarde10": "Illegal", "zygardecomplete": "Illegal", "diancie": "NU", "dianciemega": "Illegal", "hoopa": "PU", "hoopaunbound": "RU", "volcanion": "RU", "rowlet": "LC", "dartrix": "NFE", "decidueye": "PU", "decidueyehisui": "PU", "litten": "LC", "torracat": "NFE", "incineroar": "NU", "popplio": "LC", "brionne": "NFE", "primarina": "OU", "pikipek": "LC", "trumbeak": "NFE", "toucannon": "ZU", "yungoos": "LC", "gumshoos": "ZU", "gumshoostotem": "Illegal", "grubbin": "LC", "charjabug": "NFE", "vikavolt": "PU", "vikavolttotem": "Illegal", "crabrawler": "LC", "crabominable": "ZU", "oricorio": "ZU", "oricoriopompom": "NUBL", "oricoriopau": "ZU", "oricoriosensu": "PUBL", "cutiefly": "NFE", "ribombee": "UU", "ribombeetotem": "Illegal", "rockruff": "LC", "rockruffdusk": "LC", "lycanroc": "PU", "lycanrocmidnight": "ZU", "lycanrocdusk": "NU", "wishiwashi": "Illegal", "wishiwashischool": null, "mareanie": "LC", "toxapex": "UU", "mudbray": "LC", "mudsdale": "NU", "dewpider": "LC", "araquanid": "RU", "araquanidtotem": "Illegal", "fomantis": "LC", "lurantis": "ZU", "lurantistotem": "Illegal", "morelull": "Illegal", "shiinotic": "Illegal", "salandit": "LC", "salazzle": "PU", "salazzletotem": "Illegal", "stufful": "Illegal", "bewear": "Illegal", "bounsweet": "LC", "steenee": "NFE", "tsareena": "NU", "comfey": "RUBL", "oranguru": "ZU", "passimian": "PU", "wimpod": "Illegal", "golisopod": "Illegal", "sandygast": "LC", "palossand": "PU", "pyukumuku": "Illegal", "typenull": "Illegal", "silvally": "Illegal", "silvallybug": "Illegal", "silvallydark": "Illegal", "silvallydragon": "Illegal", "silvallyelectric": "Illegal", "silvallyfairy": "Illegal", "silvallyfighting": "Illegal", "silvallyfire": "Illegal", "silvallyflying": "Illegal", "silvallyghost": "Illegal", "silvallygrass": "Illegal", "silvallyground": "Illegal", "silvallyice": "Illegal", "silvallypoison": "Illegal", "silvallypsychic": "Illegal", "silvallyrock": "Illegal", "silvallysteel": "Illegal", "silvallywater": "Illegal", "minior": "NU", "komala": "ZU", "turtonator": "Illegal", "togedemaru": "Illegal", "togedemarutotem": "Illegal", "mimikyu": "RU", "mimikyutotem": "Illegal", "mimikyubustedtotem": "Illegal", "bruxish": "PU", "drampa": "Illegal", "dhelmise": "Illegal", "jangmoo": "LC", "hakamoo": "NFE", "kommoo": "UU", "kommoototem": "Illegal", "tapukoko": "Illegal", "tapulele": "Illegal", "tapubulu": "Illegal", "tapufini": "Illegal", "cosmog": "LC", "cosmoem": "NFE", "solgaleo": "Uber", "lunala": "Uber", "nihilego": "Illegal", "buzzwole": "Illegal", "pheromosa": "Illegal", "xurkitree": "Illegal", "celesteela": "Illegal", "kartana": "Illegal", "guzzlord": "Illegal", "necrozma": "NU", "necrozmaduskmane": "Uber", "necrozmadawnwings": "Uber", "necrozmaultra": "Illegal", "magearna": "Uber", "marshadow": "Illegal", "poipole": "Illegal", "naganadel": "Illegal", "stakataka": "Illegal", "blacephalon": "Illegal", "zeraora": "Illegal", "meltan": "Illegal", "melmetal": "Illegal", "melmetalgmax": "Illegal", "grookey": "LC", "thwackey": "ZU", "rillaboom": "OU", "rillaboomgmax": "Illegal", "scorbunny": "LC", "raboot": "NFE", "cinderace": "OU", "cinderacegmax": "Illegal", "sobble": "LC", "drizzile": "NFE", "inteleon": "NU", "inteleongmax": "Illegal", "skwovet": "LC", "greedent": "ZU", "rookidee": "LC", "corvisquire": "NFE", "corviknight": "OU", "corviknightgmax": "Illegal", "blipbug": "Illegal", "dottler": "Illegal", "orbeetle": "Illegal", "orbeetlegmax": "Illegal", "nickit": "Illegal", "thievul": "Illegal", "gossifleur": "Illegal", "eldegoss": "Illegal", "wooloo": "Illegal", "dubwool": "Illegal", "chewtle": "LC", "drednaw": "NUBL", "drednawgmax": "Illegal", "yamper": "Illegal", "boltund": "Illegal", "rolycoly": "LC", "carkol": "NFE", "coalossal": "NU", "coalossalgmax": "Illegal", "applin": "LC", "flapple": "ZU", "flapplegmax": "Illegal", "appletun": "ZU", "appletungmax": "Illegal", "dipplin": "ZU", "silicobra": "LC", "sandaconda": "PU", "sandacondagmax": "Illegal", "cramorant": "PU", "arrokuda": "LC", "barraskewda": "OU", "toxel": "LC", "toxtricity": "NU", "toxtricitygmax": "Illegal", "toxtricitylowkeygmax": "Illegal", "sizzlipede": "Illegal", "centiskorch": "Illegal", "centiskorchgmax": "Illegal", "clobbopus": "Illegal", "grapploct": "Illegal", "sinistea": "LC", "polteageist": "RUBL", "hatenna": "LC", "hattrem": "NFE", "hatterene": "OU", "hatterenegmax": "Illegal", "impidimp": "LC", "morgrem": "NFE", "grimmsnarl": "NU", "grimmsnarlgmax": "Illegal", "milcery": "LC", "alcremie": "PU", "alcremiegmax": "Illegal", "falinks": "ZU", "pincurchin": "ZU", "snom": "LC", "frosmoth": "PU", "stonjourner": "ZU", "eiscue": "ZU", "indeedee": "UU", "indeedeef": "ZU", "morpeko": "PU", "cufant": "LC", "copperajah": "NU", "copperajahgmax": "Illegal", "dracozolt": "Illegal", "arctozolt": "Illegal", "dracovish": "Illegal", "arctovish": "Illegal", "duraludon": "NU", "duraludongmax": "Illegal", "dreepy": "LC", "drakloak": "NFE", "dragapult": "OU", "zacian": "Uber", "zaciancrowned": "Uber", "zamazenta": "OU", "zamazentacrowned": "Uber", "eternatus": "Uber", "eternatuseternamax": "Illegal", "kubfu": "NFE", "urshifu": "Uber", "urshifurapidstrike": "Uber", "urshifugmax": "Illegal", "urshifurapidstrikegmax": "Illegal", "zarude": "RU", "regieleki": "Uber", "regidrago": "NU", "glastrier": "PU", "spectrier": "Uber", "calyrex": "ZU", "calyrexice": "Uber", "calyrexshadow": "AG", "enamorus": "OU", "enamorustherian": "RU", "sprigatito": "LC", "floragato": "NFE", "meowscarada": "OU", "fuecoco": "LC", "crocalor": "NFE", "skeledirge": "UU", "quaxly": "LC", "quaxwell": "ZU", "quaquaval": "UU", "lechonk": "LC", "oinkologne": "ZU", "oinkolognef": "ZU", "tarountula": "LC", "spidops": "ZU", "nymble": "LC", "lokix": "UU", "rellor": "LC", "rabsca": "ZU", "greavard": "LC", "houndstone": "PU", "flittle": "NFE", "espathra": "Uber", "wiglett": "LC", "wugtrio": "ZU", "dondozo": "OU", "veluza": "ZU", "finizen": "LC", "palafin": "Uber", "smoliv": "LC", "dolliv": "NFE", "arboliva": "PU", "capsakid": "LC", "scovillain": "ZU", "tadbulb": "LC", "bellibolt": "NU", "varoom": "LC", "revavroom": "RU", "orthworm": "ZU", "tandemaus": "LC", "maushold": "RU", "cetoddle": "LC", "cetitan": "NUBL", "frigibax": "LC", "arctibax": "NFE", "baxcalibur": "Uber", "tatsugiri": "NU", "cyclizar": "RU", "pawmi": "LC", "pawmo": "NFE", "pawmot": "NU", "wattrel": "LC", "kilowattrel": "NU", "bombirdier": "PU", "squawkabilly": "ZU", "flamigo": "NU", "klawf": "ZU", "nacli": "LC", "naclstack": "ZU", "garganacl": "UUBL", "glimmet": "LC", "glimmora": "OU", "shroodle": "LC", "grafaiai": "PU", "fidough": "LC", "dachsbun": "ZU", "maschiff": "LC", "mabosstiff": "ZU", "bramblin": "LC", "brambleghast": "NU", "gimmighoul": "LC", "gimmighoulroaming": "LC", "gholdengo": "OU", "greattusk": "OU", "brutebonnet": "NU", "sandyshocks": "UU", "screamtail": "NU", "fluttermane": "Uber", "slitherwing": "RU", "roaringmoon": "OU", "irontreads": "OU", "ironmoth": "UU", "ironhands": "UUBL", "ironjugulis": "RUBL", "ironthorns": "NUBL", "ironbundle": "Uber", "ironvaliant": "OU", "tinglu": "OU", "chienpao": "Uber", "wochien": "PU", "chiyu": "Uber", "koraidon": "Uber", "miraidon": "Uber", "tinkatink": "LC", "tinkatuff": "ZU", "tinkaton": "UU", "charcadet": "LC", "armarouge": "NU", "ceruledge": "UUBL", "toedscool": "LC", "toedscruel": "PU", "kingambit": "OU", "clodsire": "OU", "annihilape": "Uber", "walkingwake": "OU", "ironleaves": "RU", "poltchageist": "LC", "sinistcha": "UU", "okidogi": "RU", "munkidori": "NU", "fezandipiti": "RU", "ogerpon": "UU", "ogerponwellspring": "OU", "ogerponhearthflame": "Uber", "ogerponcornerstone": "UU", "archaludon": "Uber", "hydrapple": "UU", "gougingfire": "OU", "ragingbolt": "OU", "ironboulder": "OU", "ironcrown": "UU", "terapagos": "Uber", "pecharunt": "UU", "missingno": "Illegal", "syclar": "CAP LC", "syclant": "CAP", "revenankh": "CAP", "embirch": "CAP LC", "flarelm": "CAP NFE", "pyroak": "CAP", "breezi": "CAP LC", "fidgit": "CAP", "rebble": "CAP LC", "tactite": "CAP NFE", "stratagem": "CAP", "privatyke": "CAP LC", "arghonaut": "CAP", "nohface": "CAP LC", "kitsunoh": "CAP", "monohm": "CAP LC", "duohm": "CAP NFE", "cyclohm": "CAP", "dorsoil": "CAP LC", "colossoil": "CAP", "protowatt": "CAP LC", "krilowatt": "CAP", "voodoll": "CAP LC", "voodoom": "CAP", "scratchet": "CAP LC", "tomohawk": "CAP", "necturine": "CAP LC", "necturna": "CAP", "mollux": "CAP", "cupra": "CAP LC", "argalis": "CAP NFE", "aurumoth": "CAP", "brattler": "CAP LC", "malaconda": "CAP", "cawdet": "CAP LC", "cawmodore": "CAP", "volkritter": "CAP LC", "volkraken": "CAP", "snugglow": "CAP LC", "plasmanta": "CAP", "floatoy": "CAP LC", "caimanoe": "CAP NFE", "naviathan": "CAP", "crucibelle": "CAP", "crucibellemega": "CAP", "pluffle": "CAP LC", "kerfluffle": "CAP", "pajantom": "CAP", "mumbao": "CAP LC", "jumbao": "CAP", "fawnifer": "CAP LC", "electrelk": "CAP NFE", "caribolt": "CAP", "smogecko": "CAP LC", "smoguana": "CAP NFE", "smokomodo": "CAP", "swirlpool": "CAP LC", "coribalis": "CAP NFE", "snaelstrom": "CAP", "justyke": "CAP LC", "equilibra": "CAP", "solotl": "CAP LC", "astrolotl": "CAP", "miasmite": "CAP LC", "miasmaw": "CAP", "chromera": "CAP", "venomicon": "CAP", "venomiconepilogue": "CAP", "saharascal": "CAP LC", "saharaja": "CAP", "ababo": "CAP LC", "scattervein": "CAP NFE", "hemogoblin": "CAP", "cresceidon": "CAP", "pokestarsmeargle": "Illegal", "pokestarufo": "Illegal", "pokestarufo2": "Illegal", "pokestarbrycenman": "Illegal", "pokestarmt": "Illegal", "pokestarmt2": "Illegal", "pokestartransport": "Illegal", "pokestargiant": "Illegal", "pokestargiant2": "Illegal", "pokestarhumanoid": "Illegal", "pokestarmonster": "Illegal", "pokestarf00": "Illegal", "pokestarf002": "Illegal", "pokestarspirit": "Illegal", "pokestarblackdoor": "Illegal", "pokestarwhitedoor": "Illegal", "pokestarblackbelt": "Illegal", "pokestargiantpropo2": "Illegal", "pokestarufopropu2": "Illegal"}